{
	"format_version": "1.8.0",
	"animations": {
		"default.pose": {
			"loop": true,
			"animation_length": 6,
			"bones": {
				"body": {
					"position": {
						"0.0": [0, -0.75, 0],
						"1.0": [0, -0.75, 0],
						"2.0": [0, -0.75, 0],
						"3.0": [0, -0.75, 0],
						"4.0": [0, -0.75, 0],
						"5.0": [0, -0.75, 0],
						"6.0": [0, -0.75, 0]
					}
				},
				"torso": {
					"rotation": {
						"0.0": [-2.5, 0, 0],
						"1.0": [-2.5, 0, 0],
						"2.0": [-2.5, 0, 0],
						"3.0": [-2.5, 0, 0],
						"4.0": [-2.5, 0, 0],
						"5.0": [-2.5, 0, 0],
						"6.0": [-2.5, 0, 0]
					},
					"position": {
						"0.0": [0, 0, 0.25],
						"1.0": [0, 0, 0.25],
						"2.0": [0, 0, 0.25],
						"3.0": [0, 0, 0.25],
						"4.0": [0, 0, 0.25],
						"5.0": [0, 0, 0.25],
						"6.0": [0, 0, 0.25]
					},
					"scale": {
						"0.0": [1, 1, 1],
						"1.0": [1.00575, 1.00575, 1.00575],
						"2.0": [1.01202, 1.01202, 1.01202],
						"3.0": [1.0183, 1.0183, 1.0183],
						"4.0": [1.02431, 1.02431, 1.02431],
						"5.0": [1.0183, 1.0183, 1.0183],
						"6.0": [1, 1, 1]
					}
				},
				"left_leg": {
					"rotation": {
						"0.0": [0, -7.5, -7.5],
						"1.0": [0, -6.92515, -7.5],
						"2.0": [0, -6.29845, -7.5],
						"3.0": [0, -5.67048, -7.5],
						"4.0": [0, -5.06874, -7.5],
						"5.0": [0, -5.67048, -7.5],
						"6.0": [0, -7.5, -7.5]
					}
				},
				"right_leg": {
					"rotation": {
						"0.0": [0, 7.5, 7.5],
						"1.0": [0, 6.92515, 7.5],
						"2.0": [0, 6.29845, 7.5],
						"3.0": [0, 5.67048, 7.5],
						"4.0": [0, 5.06874, 7.5],
						"5.0": [0, 5.67048, 7.5],
						"6.0": [0, 7.5, 7.5]
					}
				},
				"head": {
					"position": {
						"0.0": [0, 0, 0],
						"1.0": [0, 0.05748, 0],
						"2.0": [0, 0.12016, 0],
						"3.0": [0, 0.18295, 0],
						"4.0": [0, 0.24313, 0],
						"5.0": [0, 0.18295, 0],
						"6.0": [0, 0, 0]
					}
				},
				"right_arm": {
					"rotation": {
						"0.0": [0, 10, 5],
						"1.0": [0.10133, 9.99779, 5.5837],
						"2.0": [0.21181, 9.99539, 6.22006],
						"3.0": [0.32251, 9.99297, 6.85769],
						"4.0": [0.42858, 9.99066, 7.4687],
						"5.0": [0.32251, 9.99297, 6.85769],
						"6.0": [0, 10, 5]
					}
				},
				"left_arm": {
					"rotation": {
						"0.0": [0, -10, -5],
						"1.0": [0.10133, -9.99779, -5.5837],
						"2.0": [0.21181, -9.99539, -6.22006],
						"3.0": [0.32251, -9.99297, -6.85769],
						"4.0": [0.42858, -9.99066, -7.4687],
						"5.0": [0.32251, -9.99297, -6.85769],
						"6.0": [0, -10, -5]
					}
				}
			}
		},
		"default.gliding": {
			"loop": true,
			"animation_length": 3,
			"bones": {
				"body": {
					"rotation": {
						"0.0": [7.5, 0, 0],
						"1.5": [7.5, 0, 0],
						"3.0": [7.5, 0, 0]
					}
				},
				"left_leg": {
					"rotation": {
						"0.0": [16.2735, -17.2764, -20.1091],
						"1.5": [19.6436, -18.7194, -20.7702],
						"3.0": [16.2735, -17.2764, -20.1091]
					},
					"position": {
						"0.0": [0, 0, -0.75],
						"1.5": [0, 0, -0.7],
						"3.0": [0, 0, -1]
					}
				},
				"right_leg": {
					"rotation": {
						"0.0": [16.2735, 17.2764, 20.1091],
						"1.5": [19.6436, 18.7194, 20.7702],
						"3.0": [16.2735, 17.2764, 20.1091]
					},
					"position": {
						"0.0": [0, 0, -0.75],
						"1.5": [0, 0, -0.7],
						"3.0": [0, 0, -1]
					}
				},
				"head": {
					"rotation": {
						"0.0": [-90, 0, 0],
						"1.5": [-92.5, 0, 0],
						"3.0": [-90, 0, 0]
					},
					"position": {
						"0.0": [0, 2, -1],
						"3.0": [0, 2, -1]
					}
				},
				"right_arm": {
					"rotation": {
						"0.0": [-183.0052, -23.3653, -23.935],
						"1.5": [-186.5258, -22.4177, -25.323],
						"3.0": [-183.0052, -23.3653, -23.935]
					},
					"position": {
						"0.0": [0, 3, 1],
						"1.5": [0, 3, 1],
						"3.0": [0, 3, 1]
					}
				},
				"left_arm": {
					"rotation": {
						"0.0": [-183.0052, 23.3653, 23.935],
						"1.5": [-186.5258, 22.4177, 25.323],
						"3.0": [-183.0052, 23.3653, 23.935]
					},
					"position": {
						"0.0": [0, 3, 1],
						"1.5": [0, 3, 1],
						"3.0": [0, 3, 1]
					}
				},
				"torso": {
					"rotation": {
						"0.0": [0, 0, 0],
						"1.5": [-1, 0, 0],
						"3.0": [0, 0, 0]
					}
				}
			}
		},
		"default.riding": {
			"loop": true,
			"bones": {
				"body": {
					"rotation": [52.5, 0, 0],
					"position": [0, 1, 2]
				},
				"left_leg": {
					"rotation": [-34.0723, -8.5372, -12.3797],
					"position": [1, 3.17341, -2.43505]
				},
				"right_leg": {
					"rotation": [-34.0723, 8.5372, 12.3797],
					"position": [-1, 3.17341, -2.43505]
				},
				"head": {
					"rotation": [-52.5, 0, 0]
				},
				"right_arm": {
					"rotation": [-122.0337, 2.1109, 24.9165],
					"position": [0, 0, 0]
				},
				"left_arm": {
					"rotation": [-122.0337, -2.1109, -24.9165],
					"position": [0, 0, 0]
				}
			}
		},
		"default.hoodie_on": {
			"loop": "hold_on_last_frame",
			"animation_length": 0.25,
			"bones": {
				"body": {
					"rotation": {
						"0.0": {
							"post": [0, 22.5, 0],
							"lerp_mode": "catmullrom"
						}
					},
					"position": {
						"0.0": {
							"post": [0, -1, 0],
							"lerp_mode": "catmullrom"
						}
					}
				},
				"torso": {
					"rotation": {
						"0.0": {
							"post": [1.7837, 7.4888, -0.1172],
							"lerp_mode": "catmullrom"
						}
					}
				},
				"left_leg": {
					"rotation": {
						"0.0": {
							"post": [-1.4168, -17.588, -8.0848],
							"lerp_mode": "catmullrom"
						},
						"0.25": {
							"post": [-1.4168, -17.588, -8.0848],
							"lerp_mode": "catmullrom"
						}
					},
					"position": [0.38268, 0, -0.92388]
				},
				"right_leg": {
					"rotation": {
						"0.0": {
							"post": [1.7125, -0.4601, 8.8292],
							"lerp_mode": "catmullrom"
						}
					}
				},
				"head": {
					"rotation": {
						"0.0": {
							"post": [7.374, -20.021, 0.3472],
							"lerp_mode": "catmullrom"
						},
						"0.25": {
							"post": [29.5133, -20.3295, 1.3328],
							"lerp_mode": "catmullrom"
						}
					}
				},
				"right_arm": {
					"rotation": {
						"0.0": {
							"post": [-0.9601, 5.0186, 2.2259],
							"lerp_mode": "catmullrom"
						},
						"0.25": {
							"post": [0.6107, 9.9747, 5.7562],
							"lerp_mode": "catmullrom"
						}
					},
					"position": {
						"0.0": {
							"post": [-0.38268, -0.2, 0.92388],
							"lerp_mode": "catmullrom"
						}
					}
				},
				"left_arm": {
					"rotation": {
						"0.0": {
							"post": [-175.9663, -44.7553, -9.7774],
							"lerp_mode": "catmullrom"
						},
						"0.25": {
							"post": [18.6117, -0.6802, -5.928],
							"lerp_mode": "catmullrom"
						}
					}
				}
			}
		},
		"default.hoodie_off": {
			"loop": "hold_on_last_frame",
			"animation_length": 0.5833,
			"bones": {
				"body": {
					"rotation": {
						"0.0": {
							"post": [0, 22.5, 0],
							"lerp_mode": "catmullrom"
						}
					},
					"position": {
						"0.0": {
							"post": [0, -1, 0],
							"lerp_mode": "catmullrom"
						}
					}
				},
				"torso": {
					"rotation": {
						"0.0": {
							"post": [4.2837, 7.4888, -0.1172],
							"lerp_mode": "catmullrom"
						},
						"0.5833": {
							"post": [1.7837, 7.4888, -0.1172],
							"lerp_mode": "catmullrom"
						}
					}
				},
				"left_leg": {
					"rotation": {
						"0.0": {
							"post": [-1.4168, -17.6424, -8.0848],
							"lerp_mode": "catmullrom"
						}
					},
					"position": [0.38268, 0, -0.92388]
				},
				"right_leg": {
					"rotation": {
						"0.0": {
							"post": [1.7125, -0.4601, 8.8292],
							"lerp_mode": "catmullrom"
						}
					}
				},
				"head": {
					"rotation": {
						"0.0": {
							"post": [29.5133, -20.3295, 1.3328],
							"lerp_mode": "catmullrom"
						},
						"0.25": {
							"post": [7.0133, -20.3295, 1.3328],
							"lerp_mode": "catmullrom"
						}
					}
				},
				"right_arm": {
					"rotation": {
						"0.0": {
							"post": [0.6107, 9.9747, 5.7562],
							"lerp_mode": "catmullrom"
						}
					},