{
	"format_version": "1.8.0",
	"animations": {
		"default.pose": {
			"animation_length": 3,
			"bones": {
				"body": {
					"position": {
						"0.0": [0, -0.25, 0],
						"0.5417": [0, -0.25, 0],
						"1.0833": [0, -0.25, 0],
						"1.625": [0, -0.25, 0],
						"2.1667": [0, -0.25, 0],
						"2.25": [0, -0.25, 0],
						"2.7917": [0, -0.25, 0],
						"3.0": [0, -0.25, 0]
					}
				},
				"torso": {
					"rotation": {
						"0.0": [-2.5, 0, 0],
						"0.5417": [-2.5, 0, 0],
						"1.0833": [-2.5, 0, 0],
						"1.625": [-2.5, 0, 0],
						"2.1667": [-2.5, 0, 0],
						"2.25": [-2.5, 0, 0],
						"2.7917": [-2.5, 0, 0],
						"3.0": [-2.5, 0, 0]
					},
					"position": {
						"0.0": [0, 0, 0.25],
						"0.5417": [0, 0, 0.25],
						"1.0833": [0, 0, 0.25],
						"1.625": [0, 0, 0.25],
						"2.1667": [0, 0, 0.25],
						"2.25": [0, 0, 0.25],
						"2.7917": [0, 0, 0.25],
						"3.0": [0, 0, 0.25]
					},
					"scale": {
						"0.0": [1, 1, 1],
						"0.5417": [1.00575, 1.00575, 1.00575],
						"1.0833": [1.01202, 1.01202, 1.01202],
						"1.625": [1.0183, 1.0183, 1.0183],
						"2.1667": [1.02431, 1.02431, 1.02431],
						"2.25": [1.025, 1.025, 1.025],
						"2.7917": [1.02123, 1.02123, 1.02123],
						"3.0": [1.02, 1.02, 1.02]
					}
				},
				"left_leg": {
					"rotation": {
						"0.0": [0, -7.5, -7.5],
						"0.5417": [0, -6.92515, -7.5],
						"1.0833": [0, -6.29845, -7.5],
						"1.625": [0, -5.67048, -7.5],
						"2.1667": [0, -5.06874, -7.5],
						"2.25": [0, -5, -7.5],
						"2.7917": [0, -5, -7.5],
						"3.0": [0, -5, -7.5]
					}
				},
				"right_leg": {
					"rotation": {
						"0.0": [0, 7.5, 7.5],
						"0.5417": [0, 6.92515, 7.5],
						"1.0833": [0, 6.29845, 7.5],
						"1.625": [0, 5.67048, 7.5],
						"2.1667": [0, 5.06874, 7.5],
						"2.25": [0, 5, 7.5],
						"2.7917": [0, 5, 7.5],
						"3.0": [0, 5, 7.5]
					}
				},
				"head": {
					"position": {
						"0.0": [0, 0, 0],
						"0.5417": [0, 0.05748, 0],
						"1.0833": [0, 0.12016, 0],
						"1.625": [0, 0.18295, 0],
						"2.1667": [0, 0.24313, 0],
						"2.25": [0, 0.25, 0],
						"2.7917": [0, 0.25, 0],
						"3.0": [0, 0.25, 0]
					}
				},
				"right_arm": {
					"rotation": {
						"0.0": [0, 10, 5],
						"0.5417": [0.10133, 9.99779, 5.5837],
						"1.0833": [0.21181, 9.99539, 6.22006],
						"1.625": [0.32251, 9.99297, 6.85769],
						"2.1667": [0.42858, 9.99066, 7.4687],
						"2.25": [0.4407, 9.9904, 7.5385],
						"2.7917": [0.4407, 9.9904, 7.5385],
						"3.0": [0.4407, 9.9904, 7.5385]
					}
				},
				"left_arm": {
					"rotation": {
						"0.0": [0, -10, -5],
						"0.5417": [0.10133, -9.99779, -5.5837],
						"1.0833": [0.21181, -9.99539, -6.22006],
						"1.625": [0.32251, -9.99297, -6.85769],
						"2.1667": [0.42858, -9.99066, -7.4687],
						"2.25": [0.4407, -9.9904, -7.5385],
						"2.7917": [0.4407, -9.9904, -7.5385],
						"3.0": [0.4407, -9.9904, -7.5385]
					}
				}
			}
		},
		"default.floor_start_kick": {
			"animation_length": 3,
			"bones": {
				"body": {
					"rotation": {
						"0.0": [30, 0, 0],
						"0.25": [30, 0, 0],
						"0.2917": [26.91963, 0, 0],
						"0.3333": [15.82163, 0, 0],
						"0.375": [-0.82163, 0, 0],
						"0.4167": [-11.91963, 0, 0],
						"0.4583": [-15, 0, 0]
					},
					"position": {
						"0.0": [0, -5, 0],
						"0.0417": [0, -5.1198, 0],
						"0.0833": [0, -5.47687, 0],
						"0.1667": [0, -6.52313, 0],
						"0.2083": [0, -6.8802, 0],
						"0.25": [0, -7, 0],
						"0.2917": [0, -6.52083, 0],
						"0.3333": [0, -4.79448, 0],
						"0.375": [0, -2.20552, 0],
						"0.4167": [0, -0.47917, 0],
						"0.4583": [0, 0, 0]
					}
				},
				"torso": {
					"rotation": {
						"0.0": [12.5, 0, 0],
						"0.25": [12.5, 0, 0]
					}
				},
				"left_leg": {
					"rotation": {
						"0.0": [-12.2549, -5.0589, -5.5441],
						"0.0417": [-11.50616, -5.0589, -5.5441],
						"0.0833": [-9.27445, -5.0589, -5.5441],
						"0.1667": [-2.73535, -5.0589, -5.5441],
						"0.2083": [-0.50364, -5.0589, -5.5441],
						"0.25": [0.2451, -5.0589, -5.5441],
						"0.2917": [1.92892, -4.6663, -5.8204],
						"0.3333": [7.9954, -3.25182, -6.81584],
						"0.375": [17.0931, -1.13058, -8.30866],
						"0.4167": [23.15958, 0.2839, -9.3041],
						"0.4583": [24.8434, 0.6765, -9.5804]
					},
					"position": {
						"0.0": [0, 5.59808, -2.5],
						"0.0417": [0, 5.62803, -2.55187],
						"0.0833": [0, 5.71729, -2.70649],
						"0.1667": [0, 5.97886, -3.15953],
						"0.2083": [0, 6.06813, -3.31415],
						"0.25": [0, 6.09808, -3.36603],
						"0.2917": [0, 5.72456, -2.96688],
						"0.3333": [0, 4.37883, -1.52884],
						"0.375": [0, 2.3607, 0.62773],
						"0.4167": [0, 1.01497, 2.06577],
						"0.4583": [0, 0.64145, 2.46492]
					}
				},
				"right_leg": {
					"rotation": {
						"0.0": [-12.2549, 5.0589, 5.5441],
						"0.0417": [-11.50616, 5.0589, 5.5441],
						"0.0833": [-9.27445, 5.0589, 5.5441],
						"0.1667": [-2.73535, 5.0589, 5.5441],
						"0.2083": [-0.50364, 5.0589, 5.5441],
						"0.25": [0.2451, 5.0589, 5.5441],
						"0.2917": [1.92892, 4.6663, 5.8204],
						"0.3333": [7.9954, 3.25182, 6.81584],
						"0.375": [17.0931, 1.13058, 8.30866],
						"0.4167": [23.15958, -0.2839, 9.3041],
						"0.4583": [24.8434, -0.6765, 9.5804]
					},
					"position": {
						"0.0": [0, 5.59808, -2.5],
						"0.0417": [0, 5.62803, -2.55187],
						"0.0833": [0, 5.71729, -2.70649],
						"0.1667": [0, 5.97886, -3.15953],
						"0.2083": [0, 6.06813, -3.31415],
						"0.25": [0, 6.09808, -3.36603],
						"0.2917": [0, 5.72456, -2.96688],
						"0.3333": [0, 4.37883, -1.52884],
						"0.375": [0, 2.3607, 0.62773],
						"0.4167": [0, 1.01497, 2.06577],
						"0.4583": [0, 0.64145, 2.46492]
					}
				},
				"head": {
					"rotation": {
						"0.0": [10, 0, 0],
						"0.0417": [11.04823, 0, 0],
						"0.0833": [14.17263, 0, 0],
						"0.1667": [23.32737, 0, 0],
						"0.2083": [26.45177, 0, 0],
						"0.25": [27.5, 0, 0],
						"0.2917": [26.81547, 0, 0],
						"0.3333": [24.34925, 0, 0],
						"0.375": [20.65075, 0, 0],
						"0.4167": [18.18453, 0, 0],
						"0.4583": [17.5, 0, 0]
					}
				},
				"right_arm": {
					"rotation": {
						"0.0": [-62.8117, 9.2319, -3.8603],
						"0.0417": [-57.09271, 8.25239, -2.34833],
						"0.0833": [-40.04651, 5.33283, 2.15827],
						"0.1667": [9.90031, -3.22173, 15.36303],
						"0.2083": [26.94651, -6.14129, 19.86963],
						"0.25": [32.6655, -7.1208, 21.3816],
						"0.2917": [20.49755, -6.16761, 18.22903],
						"0.3333": [-23.34122, -2.73345, 6.87092],
						"0.375": [-89.08468, 2.41665, -10.16242],
						"0.4167": [-132.92345, 5.85081, -21.52053],
						"0.4583": [-145.0914, 6.804, -24.6731]
					}
				},
				"left_arm": {
					"rotation": {
						"0.0": [-62.8117, -9.2319, 3.8603],
						"0.0417": [-57.09271, -8.25239, 2.34833],
						"0.0833": [-40.04651, -5.33283, -2.15827],
						"0.1667": [9.90031, 3.22173, -15.36303],
						"0.2083": [26.94651, 6.14129, -19.86963],
						"0.25": [32.6655, 7.1208, -21.3816],
						"0.2917": [20.49755, 6.16761, -18.22903],
						"0.3333": [-23.34122, 2.73345, -6.87092],
						"0.375": [-89.08468, -2.41665, 10.16242],
						"0.4167": [-132.92345, -5.85081, 21.52053],
						"0.4583": [-145.0914, -6.804, 24.6731]
					}
				}
			}
		},
		"default.air_start_kick": {
			"animation_length": 3,
			"bones": {
				"body": {
					"rotation": [-15, 0, 0],
					"position": [0, 0, 0]
				},
				"torso": {
					"rotation": [12.5, 0, 0]
				},
				"left_leg": {
					"rotation": [24.8434, 0.6765, -9.5804],
					"position": {
						"0.0": [0, 0.77086, 2.94788],
						"0.0417": [0, 0.76549, 2.93003],
						"0.3333": [0, 0.6652, 2.58123],
						"0.4167": [0, 0.64327, 2.49153],
						"0.4583": [0, 0.64059, 2.46704]
					}
				},
				"right_leg": {
					"rotation": [24.8434, -0.6765, 9.5804],
					"position": {
						"0.0": [0, 0.77086, 2.94788],
						"0.0417": [0, 0.76549, 2.93003],
						"0.3333": [0, 0.6652, 2.58123],
						"0.4167": [0, 0.64327, 2.49153],