{
	"format_version": "1.8.0",
	"animations": {
		"den_o.pose": {
			"animation_length": 3,
			"bones": {
				"body": {
					"rotation": {
						"0.0": [-6.8205, -42.0524, 10.1244],
						"0.25": [-6.8205, -42.0524, 10.1244],
						"0.2917": [-6.69669, -41.46155, 10.04939],
						"0.3333": [-6.32765, -39.70045, 9.82583],
						"0.4167": [-5.24635, -34.54025, 9.17077],
						"0.4583": [-4.87731, -32.77915, 8.94721],
						"0.5": [-4.7535, -32.1883, 8.8722],
						"0.6667": [-4.7535, -32.1883, 8.8722],
						"0.7083": [-4.7442, -28.94988, 8.56858],
						"0.75": [-4.70738, -11.30318, 6.74263],
						"0.7917": [-4.7092, 9.51104, 4.02896],
						"0.8333": [-4.7527, 17.0759, 2.5128],
						"0.875": [-4.80696, 19.28563, 1.45632],
						"0.9167": [-4.86576, 17.43744, 0.67125],
						"0.9583": [-4.92207, 12.28493, 0.20627],
						"1.0": [-4.9662, 6.13403, 0.0211],
						"1.0417": [-4.99209, 1.58835, -0.00798],
						"1.0833": [-5, 0, 0]
					},
					"position": {
						"0.0": [0, 0.5, 0],
						"0.25": [0, 0.5, 0],
						"0.5": [0, 0.5, 0],
						"0.6667": [0, 0.5, 0],
						"0.7083": [0, 0.23016, 0],
						"0.75": [0, -0.35162, 0],
						"0.7917": [0, -1.08598, 0],
						"0.8333": [0, -1.90036, 0],
						"0.9167": [0, -3.59964, 0],
						"0.9583": [0, -4.41402, 0],
						"1.0": [0, -5.14838, 0],
						"1.0417": [0, -5.73016, 0],
						"1.0833": [0, -6, 0]
					}
				},
				"left_leg": {
					"rotation": {
						"0.0": [2.664, -14.7669, -10.3454],
						"0.25": [2.664, -14.7669, -10.3454],
						"0.2917": [2.83943, -14.41471, -10.84393],
						"0.3333": [3.36231, -13.36497, -12.32985],
						"0.4167": [4.89439, -10.28913, -16.68375],
						"0.4583": [5.41727, -9.23939, -18.16967],
						"0.5": [5.5927, -8.8872, -18.6682],
						"0.6667": [5.5927, -8.8872, -18.6682],
						"0.7083": [7.19031, -8.12624, -18.93109],
						"0.75": [10.63479, -6.48559, -19.49788],
						"0.7917": [14.98256, -4.4147, -20.21331],
						"0.8333": [19.80413, -2.11812, -21.0067],
						"0.9167": [29.86487, 2.67392, -22.6622],
						"0.9583": [34.68644, 4.9705, -23.45559],
						"1.0": [39.03421, 7.04139, -24.17102],
						"1.0417": [42.47869, 8.68204, -24.73781],
						"1.0833": [44.0763, 9.443, -25.0007]
					},
					"position": {
						"0.0": [3, 0, 0],
						"0.25": [3, 0, 0],
						"0.5": [3, 0, 0],
						"0.6667": [3, 0, 0],
						"0.7083": [2.98009, 0.03981, -0.10625],
						"0.75": [2.91481, 0.17038, -0.43587],
						"0.7917": [2.80313, 0.39373, -0.95358],
						"0.8333": [2.65998, 0.68004, -1.53961],
						"0.875": [2.50965, 0.9807, -2.05382],
						"0.9167": [2.37, 1.26, -2.42],
						"0.9583": [2.22745, 1.54509, -2.6505],
						"1.0": [2.06687, 1.86627, -2.59142],
						"1.0417": [2.00615, 1.98771, -2.31558],
						"1.0833": [2, 2, -2.25]
					}
				},
				"right_leg": {
					"rotation": {
						"0.0": [-0.4407, 9.9904, -2.5385],
						"0.25": [-0.4407, 9.9904, -2.5385],
						"0.2917": [-0.3314, 11.63318, -2.48965],
						"0.3333": [-0.00563, 16.52969, -2.34406],
						"0.4167": [0.94893, 30.87691, -1.91744],
						"0.4583": [1.2747, 35.77342, -1.77185],
						"0.5": [1.384, 37.4162, -1.723],
						"0.5417": [1.38047, 37.21351, -1.72897],
						"0.625": [1.34403, 35.11959, -1.79063],
						"0.6667": [1.3405, 34.9169, -1.7966],
						"0.7083": [2.09458, 34.08023, 0.23387],
						"0.75": [3.72038, 32.27635, 4.61161],
						"0.7917": [5.77255, 29.99942, 10.13739],
						"0.8333": [8.04835, 27.47436, 16.26534],
						"0.9167": [12.79705, 22.20554, 29.05196],
						"0.9583": [15.07285, 19.68048, 35.17991],
						"1.0": [17.12502, 17.40355, 40.70569],
						"1.0417": [18.75082, 15.59967, 45.08343],
						"1.0833": [19.5049, 14.763, 47.1139]
					},
					"position": {
						"0.0": [2, -1, 0],
						"0.25": [2, -1, 0],
						"0.5": [2, -1, 0],
						"0.6667": [2, -1, 0],
						"0.7083": [1.97219, -0.94437, -0.09627],
						"0.75": [1.8508, -0.7016, -0.46428],
						"0.7917": [1.59265, -0.1853, -1.09228],
						"0.8333": [1.28211, 0.43577, -1.64943],
						"0.875": [1, 1, -2],
						"0.9167": [0.71789, 1.56423, -2.21366],
						"0.9583": [0.40735, 2.1853, -2.27758],
						"1.0": [0.1492, 2.7016, -2.16587],
						"1.0417": [0.02781, 2.94437, -2.04064],
						"1.0833": [0, 3, -2]
					}
				},
				"right_arm": {
					"rotation": {
						"0.0": [0, 7.5, 0],
						"0.25": [0, 7.5, 0],
						"0.2917": [0.29662, 7.76731, -0.09976],
						"0.3333": [1.18073, 8.56404, -0.39711],
						"0.4167": [3.77127, 10.89856, -1.26839],
						"0.4583": [4.65538, 11.69529, -1.56574],
						"0.5": [4.952, 11.9626, -1.6655],
						"0.6667": [4.952, 11.9626, -1.6655],
						"0.7083": [-0.60896, 8.42904, -1.73433],
						"0.7917": [-58.05734, -28.07494, -2.44537],
						"0.8333": [-63.6183, -31.6085, -2.5142],
						"0.875": [-68.3712, -32.4996, -11.7856],
						"0.9167": [-75.8289, -29.4472, 20.2129],
						"0.9583": [-53.40482, -27.00899, 45.75792],
						"1.0": [-16.27163, -24.02393, 77.14291],
						"1.0417": [7.21117, -22.70567, 91.08413],
						"1.0833": [10.9905, -22.5441, 92.8031]
					},
					"position": {
						"0.0": [0, -1, 0],
						"0.25": [0, -1, 0],
						"0.5": [0, -1, 0],
						"0.6667": [0, -1, 0],
						"0.7083": [-0.02967, -0.97033, -0.2433],
						"0.75": [-0.20105, -0.79895, -1.5],
						"0.7917": [-0.43495, -0.56505, -2.7567],
						"0.8333": [-0.55, -0.45, -3],
						"0.875": [-0.64075, -0.29935, -2.8203],
						"0.9167": [-0.74478, -0.01678, -2.28469],
						"0.9583": [-0.84895, 0.34895, -1.5],
						"1.0": [-0.93341, 0.69497, -0.71531],
						"1.0417": [-0.98421, 0.92431, -0.1797],
						"1.0833": [-1, 1, 0]
					}
				},
				"left_arm": {
					"rotation": {
						"0.0": [-114.5407, -50.0493, 0.229],
						"0.25": [-114.5407, -50.0493, 0.229],
						"0.2917": [-114.41785, -43.20371, -1.13958],
						"0.3333": [-114.05167, -22.79954, -5.21881],
						"0.4167": [-112.97873, 36.98644, -17.17129],
						"0.4583": [-112.61255, 57.39061, -21.25052],
						"0.5": [-112.4897, 64.2362, -22.6191],
						"0.5417": [-112.37776, 64.0399, -22.51932],
						"0.625": [-111.22134, 62.012, -21.48848],
						"0.6667": [-111.1094, 61.8157, -21.3887],
						"0.7083": [-109.43178, 59.53776, -22.47385],
						"0.75": [-105.8148, 54.62649, -24.81346],
						"0.7917": [-101.24929, 48.42725, -27.76662],
						"0.8333": [-96.18624, 41.55245, -31.0416],
						"0.9167": [-85.62166, 27.20745, -37.8752],
						"0.9583": [-80.55861, 20.33265, -41.15018],
						"1.0": [-75.9931, 14.13341, -44.10334],
						"1.0417": [-72.37612, 9.22214, -46.44295],
						"1.0833": [-70.6985, 6.9442, -47.5281]
					},
					"position": {
						"0.0": [2, 0, 0],
						"0.25": [2, 0, 0],
						"0.2917": [2, -0.0599, 0],
						"0.3333": [2, -0.23844, 0],
						"0.4167": [2, -0.76156, 0],
						"0.4583": [2, -0.9401, 0],
						"0.5": [2, -1, 0],
						"0.6667": [2, -1, 0],
						"0.7083": [1.95849, -1, -0.16606],
						"0.75": [1.86898, -1, -0.52408],
						"0.7917": [1.756, -1, -0.97599],
						"0.8333": [1.63071, -1, -1.47714],
						"0.9167": [1.36929, -1, -2.52286],
						"0.9583": [1.244, -1, -3.02401],
						"1.0": [1.13102, -1, -3.47592],
						"1.0417": [1.04151, -1, -3.83394],
						"1.0833": [1, -1, -4]
					}
				},
				"head": {
					"rotation": {
						"0.0": [0.8671, 44.9828, -7.3364],
						"0.25": [0.8671, 44.9828, -7.3364],
						"0.2917": [0.86417, 44.08431, -7.3382],
						"0.3333": [0.85544, 41.40626, -7.34358],
						"0.4167": [0.82986, 33.55934, -7.35932],
						"0.4583": [0.82113, 30.88129, -7.3647],
						"0.5": [0.8182, 29.9828, -7.3665],
						"0.6667": [0.8182, 29.9828, -7.3665],
						"0.7083": [1.86615, 26.26198, -7.26607],
						"0.75": [7.46678, 6.42332, -6.5945],
						"0.7917": [13.71387, -15.54975, -5.3964],
						"0.8333": [15.6448, -22.1859, -4.5768],
						"0.875": [15.96641, -23.03522, -3.76531],
						"0.9167": [15.20361, -19.88316, -2.74863],
						"0.9583": [13.58712, -13.61782, -1.66555],
						"1.0": [11.76686, -6.67973, -0.74843],
						"1.0417": [10.45353, -1.70998, -0.18014],