{
	"format_version": "1.8.0",
	"animations": {
		"ferbus.dance": {
			"loop": true,
			"animation_length": 3.5417,
			"bones": {
				"body": {
					"rotation": {
						"0.4167": [0, 25, 15],
						"0.4583": [-0.89838, 24.75829, 12.77537],
						"0.5": [-4.13507, 23.88747, 4.76048],
						"0.5417": [-8.98903, 22.58153, -7.25918],
						"0.5833": [-12.22572, 21.71071, -15.27407],
						"0.625": [-13.1241, 21.469, -17.4987],
						"1.0417": [-13.1241, 21.469, -17.4987],
						"1.0833": [-12.22572, 21.71071, -15.27407],
						"1.125": [-8.98903, 22.58153, -7.25918],
						"1.1667": [-4.13507, 23.88747, 4.76048],
						"1.2083": [-0.89838, 24.75829, 12.77537],
						"1.25": [0, 25, 15],
						"2.2917": [0, 25, 15],
						"2.3333": [-0.89838, 24.75829, 12.77537],
						"2.375": [-4.13507, 23.88747, 4.76048],
						"2.4167": [-8.98903, 22.58153, -7.25918],
						"2.4583": [-12.22572, 21.71071, -15.27407],
						"2.5": [-13.1241, 21.469, -17.4987],
						"2.9167": [-13.1241, 21.469, -17.4987],
						"2.9583": [-12.22572, 21.71071, -15.27407],
						"3.0": [-8.98903, 22.58153, -7.25918],
						"3.0417": [-4.13507, 23.88747, 4.76048],
						"3.0833": [-0.89838, 24.75829, 12.77537],
						"3.125": [0, 25, 15]
					},
					"position": {
						"0.4167": [-0.25882, -0.96593, 0],
						"0.4583": [-0.32042, -0.98798, 0.02505],
						"0.5": [-0.54194, -1.06608, 0.11532],
						"0.5417": [-0.87273, -1.17829, 0.25068],
						"0.5833": [-1.09071, -1.24418, 0.34094],
						"0.625": [-1.14755, -1.24982, 0.366],
						"0.9583": [-1.15094, -1.26153, 0.366],
						"1.0417": [-1.14755, -1.24982, 0.366],
						"1.0833": [-1.08272, -1.2166, 0.34094],
						"1.125": [-0.86234, -1.14246, 0.25068],
						"1.1667": [-0.53573, -1.04467, 0.11532],
						"1.2083": [-0.31889, -0.98274, 0.02505],
						"1.25": [-0.25882, -0.96593, 0],
						"2.2917": [-0.25882, -0.96593, 0],
						"2.3333": [-0.32042, -0.98798, 0.02505],
						"2.375": [-0.54194, -1.06608, 0.11532],
						"2.4167": [-0.87273, -1.17829, 0.25068],
						"2.4583": [-1.09071, -1.24418, 0.34094],
						"2.5": [-1.14755, -1.24982, 0.366],
						"2.8333": [-1.15094, -1.26153, 0.366],
						"2.9167": [-1.14755, -1.24982, 0.366],
						"2.9583": [-1.08272, -1.2166, 0.34094],
						"3.0": [-0.86234, -1.14246, 0.25068],
						"3.0417": [-0.53573, -1.04467, 0.11532],
						"3.0833": [-0.31889, -0.98274, 0.02505],
						"3.125": [-0.25882, -0.96593, 0]
					}
				},
				"torso": {
					"position": {
						"0.25": [0, 0, 0],
						"0.7083": [0, -1, 0],
						"0.9167": [0, -1, 0],
						"1.125": [0, 0, 0],
						"2.125": [0, 0, 0],
						"2.5833": [0, -1, 0],
						"2.7917": [0, -1, 0],
						"3.0": [0, 0, 0]
					}
				},
				"left_leg": {
					"rotation": {
						"0.4167": [8, -14, -27],
						"0.4583": [7, -14, -25],
						"0.5": [6, -14, -19],
						"0.5417": [4, -15, -11],
						"0.5833": [2, -16, -5],
						"0.625": [2, -16, -3],
						"1.0417": [2, -16, -3],
						"1.0833": [2, -16, -5],
						"1.125": [4, -15, -11],
						"1.1667": [6, -14, -19],
						"1.2083": [7, -14, -25],
						"1.25": [8, -14, -27],
						"2.2917": [8, -14, -27],
						"2.3333": [7, -14, -25],
						"2.375": [6, -14, -19],
						"2.4167": [4, -15, -11],
						"2.4583": [2, -16, -5],
						"2.5": [2, -16, -3],
						"2.9167": [2, -16, -3],
						"2.9583": [2, -16, -5],
						"3.0": [4, -15, -11],
						"3.0417": [6, -14, -19],
						"3.0833": [7, -14, -25],
						"3.125": [8, -14, -27]
					},
					"position": {
						"0.5": [0, 0, 0],
						"0.5417": [0, -1, 0],
						"1.125": [0, -1, 0],
						"1.1667": [0, 0, 0],
						"2.375": [0, 0, 0],
						"2.4167": [0, -1, 0],
						"3.0": [0, -1, 0],
						"3.0417": [0, 0, 0]
					}
				},
				"right_leg": {
					"rotation": {
						"0.4167": [-3, 32, -11],
						"0.625": [4, 0, 14],
						"1.0417": [4, 0, 14],
						"1.25": [-3, 32, -11],
						"2.2917": [-3, 32, -11],
						"2.5": [4, 0, 14],
						"2.9167": [4, 0, 14],
						"3.125": [-3, 32, -11]
					},
					"position": {
						"0.4583": [0, -1, 0],
						"0.625": [1, 1, 0],
						"1.0417": [1, 1, 0],
						"1.2083": [0, -1, 0],
						"2.3333": [0, -1, 0],
						"2.5": [1, 1, 0],
						"2.9167": [1, 1, 0],
						"3.0833": [0, -1, 0]
					}
				},
				"head": {
					"rotation": {
						"0.0417": [0, 0, 10],
						"0.125": [0, 0, 12],
						"0.1667": [0, 0, 12],
						"0.2083": [0, 0, 13],
						"0.25": [0, 0, 12],
						"0.2917": [0, 0, 12],
						"0.375": [0, 0, 10],
						"0.4167": [0, 0, 10],
						"0.4583": [0, 0, 8],
						"0.5": [0, 0, 1],
						"0.5417": [0, 0, -9],
						"0.5833": [0, 0, -16],
						"0.625": [0, 0, -18],
						"0.6667": [0, 0, -18],
						"0.7083": [0, 0, -19],
						"0.75": [0, 0, -21],
						"0.8333": [0, 0, -23],
						"0.9167": [0, 0, -21],
						"0.9583": [0, 0, -19],
						"1.0": [0, 0, -18],
						"1.0417": [0, 0, -18],
						"1.0833": [0, 0, -16],
						"1.125": [0, 0, -9],
						"1.1667": [0, 0, 1],
						"1.2083": [0, 0, 8],
						"1.25": [0, 0, 10],
						"1.2917": [0, 0, 10],
						"1.375": [0, 0, 12],
						"1.4167": [0, 0, 12],
						"1.4583": [0, 0, 13],
						"1.5": [0, 0, 12],
						"1.5417": [0, 0, 12],
						"1.625": [0, 0, 10],
						"1.9167": [0, 0, 10],
						"2.0": [0, 0, 12],
						"2.0417": [0, 0, 12],
						"2.0833": [0, 0, 13],
						"2.125": [0, 0, 12],
						"2.1667": [0, 0, 12],
						"2.25": [0, 0, 10],
						"2.2917": [0, 0, 10],
						"2.3333": [0, 0, 8],
						"2.375": [0, 0, 1],
						"2.4167": [0, 0, -9],
						"2.4583": [0, 0, -16],
						"2.5": [0, 0, -18],
						"2.5417": [0, 0, -18],
						"2.5833": [0, 0, -19],
						"2.625": [0, 0, -21],
						"2.7083": [0, 0, -23],
						"2.7917": [0, 0, -21],
						"2.8333": [0, 0, -19],
						"2.875": [0, 0, -18],
						"2.9167": [0, 0, -18],
						"2.9583": [0, 0, -16],
						"3.0": [0, 0, -9],
						"3.0417": [0, 0, 1],
						"3.0833": [0, 0, 8],
						"3.125": [0, 0, 10],
						"3.1667": [0, 0, 10],
						"3.25": [0, 0, 12],
						"3.2917": [0, 0, 12],
						"3.3333": [0, 0, 13],
						"3.375": [0, 0, 12],
						"3.4167": [0, 0, 12],
						"3.5": [0, 0, 10]
					}
				},
				"right_arm": {
					"rotation": {
						"0.0": [-130, 15, -10],
						"0.0417": [-129, 15, -10],
						"0.0833": [-124, 15, -9],
						"0.125": [-116, 16, -8],
						"0.1667": [-111, 16, -8],
						"0.2083": [-110, 16, -8],
						"0.25": [-111, 16, -8],
						"0.2917": [-116, 16, -8],
						"0.3333": [-124, 15, -9],
						"0.375": [-129, 15, -10],
						"0.4167": [-130, 15, -10],
						"0.4583": [-124, 15, -9],
						"0.5": [-102, 17, -5],
						"0.5417": [-68, 18, 0],
						"0.5833": [-46, 20, 4],
						"0.625": [-40, 20, 5],
						"0.7083": [-38, 20, 5],
						"0.75": [-35, 20, 5],
						"0.7917": [-33, 20, 5],
						"0.875": [-33, 20, 5],
						"0.9167": [-35, 20, 5],
						"0.9583": [-38, 20, 5],
						"1.0417": [-40, 20, 5],
						"1.0833": [-46, 20, 4],
						"1.125": [-68, 18, 0],
						"1.1667": [-102, 17, -5],
						"1.2083": [-124, 15, -9],
						"1.25": [-130, 15, -10],
						"1.2917": [-129, 15, -10],
						"1.3333": [-124, 15, -9],
						"1.375": [-116, 16, -8],
						"1.4167": [-111, 16, -8],
						"1.4583": [-110, 16, -8],
						"1.5": [-111, 16, -8],
						"1.5417": [-116, 16, -8],
						"1.5833": [-124, 15, -9],
						"1.625": [-129, 15, -10],
						"1.6667": [-130, 15, -10],
						"1.875": [-130, 15, -10],
						"1.9167": [-129, 15, -10],
						"1.9583": [-124, 15, -9],
						"2.0": [-116, 16, -8],
						"2.0417": [-111, 16, -8],
						"2.0833": [-110, 16, -8],
						"2.125": [-111, 16, -8],
						"2.1667": [-116, 16, -8],
						"2.2083": [-124, 15, -9],
						"2.25": [-129, 15, -10],
						"2.2917": [-130, 15, -10],
						"2.3333": [-124, 15, -9],
						"2.375": [-102, 17, -5],
						"2.4167": [-68, 18, 0],
						"2.4583": [-46, 20, 4],
						"2.5": [-40, 20, 5],
						"2.5833": [-38, 20, 5],
						"2.625": [-35, 20, 5],
						"2.6667": [-33, 20, 5],
						"2.75": [-33, 20, 5],
						"2.7917": [-35, 20, 5],
						"2.8333": [-38, 20, 5],