{
	"format_version": "1.8.0",
	"animations": {
		"fourze.pose": {
			"animation_length": 3,
			"bones": {
				"body": {
					"rotation": {
						"0.0": [47.5, 0, 0],
						"0.0833": [47.5, 0, 0],
						"0.125": [47.5, 0, 0],
						"0.1667": [47.5, 0, 0],
						"0.2083": [47.5, 0, 0],
						"0.25": [47.5, 0, 0],
						"0.2917": [47.5, 0, 0],
						"0.3333": [47.5, 0, 0],
						"0.375": [47.5, 0, 0],
						"0.4167": [47.5, 0, 0],
						"0.4583": [47.5, 0, 0],
						"0.5": [42.19491, 0, 0],
						"0.5417": [23.0817, 0, 0],
						"0.5833": [-5.5817, 0, 0],
						"0.625": [-24.69491, 0, 0],
						"0.6667": [-30, 0, 0]
					},
					"position": {
						"0.0": [0, -5, 0],
						"0.0833": [0, -5, 0],
						"0.125": [0, -5, 0],
						"0.1667": [0, -5, 0],
						"0.2083": [0, -5, 0],
						"0.25": [0, -5, 0],
						"0.2917": [0, -5, 0],
						"0.3333": [0, -5, 0],
						"0.375": [0, -5, 0],
						"0.4167": [0, -5, 0],
						"0.4583": [0, -5, 0],
						"0.5": [0, -4.72619, 0],
						"0.5417": [0, -3.7397, 0],
						"0.5833": [0, -2.2603, 0],
						"0.625": [0, -1.27381, 0],
						"0.6667": [0, -1, 0]
					}
				},
				"torso": {
					"rotation": {
						"0.0": [-5, 0, 0],
						"0.0833": [-5, 0, 0],
						"0.125": [-5, 0, 0],
						"0.1667": [-5, 0, 0],
						"0.2083": [-5, 0, 0],
						"0.25": [-5, 0, 0],
						"0.2917": [-5, 0, 0],
						"0.3333": [-5, 0, 0],
						"0.375": [-5, 0, 0],
						"0.4167": [-5, 0, 0],
						"0.4583": [-5, 0, 0],
						"0.5": [-3.97321, 0, 0],
						"0.5417": [-0.27388, 0, 0],
						"0.5833": [5.27388, 0, 0],
						"0.625": [8.97321, 0, 0],
						"0.6667": [10, 0, 0]
					},
					"position": {
						"0.0": [0, 0, 0],
						"0.0833": [0, 0, 0],
						"0.125": [0, 0, 0],
						"0.1667": [0, 0, 0],
						"0.2083": [0, 0, 0],
						"0.25": [0, 0, 0],
						"0.2917": [0, 0, 0],
						"0.3333": [0, 0, 0],
						"0.375": [0, 0, 0],
						"0.4167": [0, 0, 0],
						"0.4583": [0, 0, 0],
						"0.5": [0, 0, -0.13691],
						"0.5417": [0, 0, -0.63015],
						"0.5833": [0, 0, -1.36985],
						"0.625": [0, 0, -1.86309],
						"0.6667": [0, 0, -2]
					}
				},
				"left_leg": {
					"rotation": {
						"0.0": [-27.7314, -24.739, 12.4075],
						"0.0417": [-27.7314, -24.739, 12.4075],
						"0.0833": [-27.7314, -24.739, 12.4075],
						"0.125": [-25.2314, -24.739, 12.4075],
						"0.1667": [-27.7314, -24.739, 12.4075],
						"0.2083": [-25.2314, -24.739, 12.4075],
						"0.25": [-27.7314, -24.739, 12.4075],
						"0.2917": [-25.2314, -24.739, 12.4075],
						"0.3333": [-27.7314, -24.739, 12.4075],
						"0.375": [-25.2314, -24.739, 12.4075],
						"0.4167": [-27.7314, -24.739, 12.4075],
						"0.4583": [-25.2314, -24.739, 12.4075],
						"0.6667": {
							"pre": [35.4981, -7.433, -16.3848],
							"post": [35.4981, -7.433, -16.3848],
							"lerp_mode": "catmullrom"
						}
					},
					"position": {
						"0.0": [2, 6, -3],
						"0.0417": [2, 6, -3],
						"0.0833": [2, 6, -3],
						"0.125": [2, 6, -3],
						"0.1667": [2, 6, -3],
						"0.2083": [2, 6, -3],
						"0.25": [2, 6, -3],
						"0.2917": [2, 6, -3],
						"0.3333": [2, 6, -3],
						"0.375": [2, 6, -3],
						"0.4167": [2, 6, -3],
						"0.4583": [2, 6, -3],
						"0.6667": {
							"pre": [1, 0, -1],
							"post": [1, 0, -1],
							"lerp_mode": "catmullrom"
						}
					}
				},
				"right_leg": {
					"rotation": {
						"0.0": [-27.7314, 24.739, -12.4075],
						"0.0417": [-27.7314, 24.739, -12.4075],
						"0.0833": [-27.7314, 24.739, -12.4075],
						"0.125": [-25.2314, 24.739, -12.4075],
						"0.1667": [-27.7314, 24.739, -12.4075],
						"0.2083": [-25.2314, 24.739, -12.4075],
						"0.25": [-27.7314, 24.739, -12.4075],
						"0.2917": [-25.2314, 24.739, -12.4075],
						"0.3333": [-27.7314, 24.739, -12.4075],
						"0.375": [-25.2314, 24.739, -12.4075],
						"0.4167": [-27.7314, 24.739, -12.4075],
						"0.4583": [-25.2314, 24.739, -12.4075],
						"0.6667": {
							"pre": [35.4981, 7.433, 16.3848],
							"post": [35.4981, 7.433, 16.3848],
							"lerp_mode": "catmullrom"
						}
					},
					"position": {
						"0.0": [-2, 6, -3],
						"0.0417": [-2, 6, -3],
						"0.0833": [-2, 6, -3],
						"0.125": [-2, 6, -3],
						"0.1667": [-2, 6, -3],
						"0.2083": [-2, 6, -3],
						"0.25": [-2, 6, -3],
						"0.2917": [-2, 6, -3],
						"0.3333": [-2, 6, -3],
						"0.375": [-2, 6, -3],
						"0.4167": [-2, 6, -3],
						"0.4583": [-2, 6, -3],
						"0.6667": {
							"pre": [-1, 0, -1],
							"post": [-1, 0, -1],
							"lerp_mode": "catmullrom"
						}
					}
				},
				"head": {
					"rotation": {
						"0.0": [37.5, 0, 0],
						"0.0833": [37.5, 0, 0],
						"0.125": [40, 0, 0],
						"0.1667": [37.5, 0, 0],
						"0.2083": [40, 0, 0],
						"0.25": [37.5, 0, 0],
						"0.2917": [40, 0, 0],
						"0.3333": [37.5, 0, 0],
						"0.375": [40, 0, 0],
						"0.4167": [37.5, 0, 0],
						"0.4583": [40, 0, 0],
						"0.5": [35.37944, 0, 0],
						"0.5417": [18.73245, 0, 0],
						"0.5833": [-6.23245, 0, 0],
						"0.625": [-22.87944, 0, 0],
						"0.6667": [-27.5, 0, 0]
					}
				},
				"right_arm": {
					"rotation": {
						"0.0": [-82.6821, -24.0935, -12.1179],
						"0.25": [-82.6821, -24.0935, -12.1179],
						"0.2917": [-85.0298, -26.5727, -12.4738],
						"0.3333": [-82.6821, -24.0935, -12.1179],
						"0.375": [-85.0298, -26.5727, -12.4738],
						"0.4167": [-82.6821, -24.0935, -12.1179],
						"0.4583": [-85.0298, -26.5727, -12.4738],
						"0.6667": {
							"pre": [-168.2737, 24.3862, -47.4248],
							"post": [-168.2737, 24.3862, -47.4248],
							"lerp_mode": "catmullrom"
						}
					},
					"position": {
						"0.0": [0, 0, 0],
						"0.25": [0, 0, 0],
						"0.2917": [0, 0, 0],
						"0.3333": [0, 0, 0],
						"0.375": [0, 0, 0],
						"0.4167": [0, 0, 0],
						"0.4583": [0, 0, 0],
						"0.6667": {
							"pre": [0, 2, -3],
							"post": [0, 2, -3],
							"lerp_mode": "catmullrom"
						}
					}
				},
				"left_arm": {
					"rotation": {
						"0.0": [-82.6821, 24.0935, 12.1179],
						"0.25": [-82.6821, 24.0935, 12.1179],
						"0.2917": [-85.0298, 26.5727, 12.4738],
						"0.3333": [-82.6821, 24.0935, 12.1179],
						"0.375": [-85.0298, 26.5727, 12.4738],
						"0.4167": [-82.6821, 24.0935, 12.1179],
						"0.4583": [-85.0298, 26.5727, 12.4738],
						"0.6667": {
							"pre": [-168.2737, -24.3862, 47.4248],
							"post": [-168.2737, -24.3862, 47.4248],
							"lerp_mode": "catmullrom"
						}
					},
					"position": {
						"0.0": [0, 0, 0],
						"0.25": [0, 0, 0],
						"0.2917": [0, 0, 0],
						"0.3333": [0, 0, 0],
						"0.375": [0, 0, 0],
						"0.4167": [0, 0, 0],
						"0.4583": [0, 0, 0],
						"0.6667": {
							"pre": [0, 2, -3],
							"post": [0, 2, -3],
							"lerp_mode": "catmullrom"
						}
					}
				}
			}
		}
	}
}