{
	"format_version": "1.8.0",
	"animations": {
		"kiva.pose": {
			"animation_length": 3,
			"bones": {
				"body": {
					"rotation": [22.5, 45, 0],
					"position": [0, -3, 0]
				},
				"torso": {
					"rotation": [-5, 10, 0],
					"position": [0, 0, 1]
				},
				"left_leg": {
					"rotation": [-26.9296, -36.465, 15.6126],
					"position": [1.59323, 2.92286, -0.87732]
				},
				"right_leg": {
					"rotation": [15, 0, 22.5],
					"position": [-0.48173, 1.45013, -3.41542]
				},
				"head": {
					"rotation": [-24.5107, -43.0795, 20.7535]
				},
				"right_arm": {
					"rotation": [-125, 20, 0]
				},
				"left_arm": {
					"rotation": [11.7921, -16.2699, -36.6913]
				}
			}
		},
		"kiva.garulufuestle.pose": {
			"animation_length": 4,
			"bones": {
				"body": {
					"rotation": {
						"0.0": [0, 0, 0],
						"0.25": [0, 0, 0],
						"0.5": [-17.5, 0, 0],
						"1.5": [-17.5, 0, 0],
						"2.25": [40, 0, 0]
					},
					"position": {
						"0.0": [0, 0, 0],
						"0.25": [0, 0, 0],
						"1.5": [0, 0, 0],
						"2.25": [0, -9, 0]
					},
					"scale": {
						"0.0": [1, 1, 1],
						"0.25": [1, 1, 1]
					}
				},
				"torso_root": {
					"rotation": [0, 0, 0],
					"position": [0, 0, 0]
				},
				"torso": {
					"position": {
						"0.0": [0, 0, 0],
						"0.25": [0, 0, 0]
					},
					"scale": {
						"0.0": [1, 1, 1],
						"0.25": [1, 1, 1]
					}
				},
				"left_leg_root": {
					"rotation": [0, 0, 0],
					"position": [0, 0, 0]
				},
				"left_leg": {
					"rotation": {
						"0.0": [0, 0, 0],
						"0.25": [0, 0, -5],
						"0.5": [17.4445, -8.9425, -13.2712],
						"1.5": [17.4445, -8.9425, -13.2712],
						"2.25": [0, -50, -82.5]
					},
					"position": {
						"0.0": [0, 0, 0],
						"0.25": [0, 0, 0],
						"1.5": [0, 0, 0],
						"2.25": [0, 0.5, -1]
					},
					"scale": {
						"0.0": [1, 1, 1],
						"0.25": [1, 1, 1]
					}
				},
				"right_leg_root": {
					"rotation": [0, 0, 0],
					"position": [0, 0, 0]
				},
				"right_leg": {
					"rotation": {
						"0.0": [0, 0, 0],
						"0.25": [0, 0, 5],
						"0.5": [17.5628, 4.768, 14.007],
						"1.5": [17.5628, 4.768, 14.007],
						"2.25": [50, 0, 0]
					},
					"position": {
						"0.0": [0, 0, 0],
						"0.25": [0, 0, 0],
						"0.5": [0, 0, 0],
						"1.5": [0, 0, 0],
						"2.25": [-1.5, 1, -4.5]
					},
					"scale": {
						"0.0": [1, 1, 1],
						"0.25": [1, 1, 1]
					}
				},
				"head_root": {
					"rotation": [0, 0, 0],
					"position": [0, 0, 0]
				},
				"head": {
					"rotation": {
						"0.0": [0, 0, 0],
						"0.25": [10, 0, 0],
						"0.5": [-30, 0, 0],
						"1.5": [-30, 0, 0],
						"2.25": [-40, 0, 0]
					},
					"position": {
						"0.0": [0, 0, 0],
						"0.25": [0, 0, 0],
						"0.5": [0, 0, 0],
						"1.5": [0, 0, 0]
					},
					"scale": {
						"0.0": [1, 1, 1],
						"0.25": [1, 1, 1],
						"0.5": [1, 1, 1],
						"1.5": [1, 1, 1]
					}
				},
				"right_arm_root": {
					"rotation": [0, 0, 0],
					"position": [0, 0, 0]
				},
				"right_arm": {
					"rotation": {
						"0.0": [0, 0, 0],
						"0.25": [-15.9568, -14.5644, -5.725],
						"0.5": [15.6691, 22.2338, 47.0915],
						"1.5": [15.6691, 22.2338, 47.0915],
						"2.25": [-57.1014, 8.4214, 365.4129]
					},
					"position": {
						"0.0": [0, 0, 0],
						"0.25": [0, 0, 0],
						"0.5": [0, 0, 0],
						"1.5": [0, 0, 0],
						"2.25": [-1, 0, -2]
					},
					"scale": {
						"0.0": [1, 1, 1],
						"0.25": [1, 1, 1],
						"0.5": [1, 1, 1],
						"1.5": [1, 1, 1]
					}
				},
				"left_arm_root": {
					"rotation": [0, 0, 0],
					"position": [0, 0, 0]
				},
				"left_arm": {
					"rotation": {
						"0.0": [0, 0, 0],
						"0.25": [-11.9385, 3.7318, 4.6095],
						"0.5": [11.3378, -14.9416, -47.6755],
						"1.5": [11.3378, -14.9416, -47.6755],
						"2.25": [-239.3237, -19.5106, 81.9811]
					},
					"position": {
						"0.0": [0, 0, 0],
						"0.25": [0, 0, 0],
						"0.5": [0, 0, 0],
						"1.5": [0, 0, 0],
						"2.25": [2, 1, -2.5]
					},
					"scale": {
						"0.0": [1, 1, 1],
						"0.25": [1, 1, 1],
						"0.5": [1, 1, 1],
						"1.5": [1, 1, 1]
					}
				}
			}
		},
		"kiva.basshaafuestle.pose": {
			"animation_length": 3,
			"bones": {
				"body": {
					"rotation": [0, -25, 0]
				},
				"left_leg": {
					"rotation": [3.4232, -7.0927, -7.2222]
				},
				"right_leg": {
					"rotation": [-4.5928, 23.2631, 7.3877]
				},
				"head": {
					"rotation": [0, 25, 0]
				},
				"right_arm": {
					"rotation": [-164.3071, -16.8856, -4.6653],
					"position": [-1, -6, -4]
				},
				"left_arm": {
					"rotation": [-14.9924, -13.5107, -12.257]
				}
			}
		},
		"kiva.doggafuestle.pose": {
			"animation_length": 3,
			"bones": {
				"body": {
					"rotation": [0, 25, 0]
				},
				"left_leg": {
					"rotation": [2.3567, -17.3455, -7.8596]
				},
				"right_leg": {
					"rotation": [-10, 15, 0]
				},
				"head": {
					"rotation": [0, -25, 0]
				},
				"right_arm": {
					"rotation": [-77.5, 30, 0]
				},
				"left_arm": {
					"rotation": [3.1339, -17.2257, -10.4749]
				}
			}
		}
	}
}