{
	"format_version": "1.8.0",
	"animations": {
		"w.pose": {
			"animation_length": 3,
			"bones": {
				"body": {
					"rotation": [0, 50, 0]
				},
				"torso": {
					"rotation": [-10, 0, 0]
				},
				"left_leg": {
					"rotation": [5.9299, -49.7409, -7.7508],
					"position": [1.69263, -0.0109, -3.09424]
				},
				"right_leg": {
					"rotation": [12.5, 35, 0],
					"position": [-0.71642, -0.02179, -3.02316]
				},
				"head": {
					"rotation": [0, -50, 0]
				},
				"right_arm": {
					"rotation": [-25.8805, -9.9616, 5.0767],
					"position": [-0.18995, -0.25784, 0.94733]
				},
				"left_arm": {
					"rotation": [-42.1662, -7.8636, -76.7368]
				}
			}
		}
	}
}