{
	"format_version": "1.8.0",
	"animations": {
		"animation.auto_vajin.idle": {
			"loop": true,
			"animation_length": 2,
			"bones": {
				"bipedRightArm": {
					"rotation": {
						"0.0": [0, 0, 0],
						"1.0": [0, 0, -5],
						"2.0": [0, 0, 0]
					},
					"position": [0, 0, 0]
				},
				"bipedLeftArm": {
					"rotation": {
						"0.0": [0, 0, 0],
						"1.0": [0, 0, 2.5],
						"2.0": [0, 0, 0]
					},
					"position": [0, 0, 0]
				}
			}
		},
		"animation.auto_vajin.walk": {
			"loop": true,
			"animation_length": 0.8333,
			"bones": {
				"bipedRightArm": {
					"rotation": {
						"0.0": [-27.5, 0, -7.5],
						"0.0833": [-15.91207, 0, -7.5],
						"0.1667": [4.56549, 0, -7.5],
						"0.25": [25.91405, 0, -7.5],
						"0.3333": [43.16196, 0, -7.5],
						"0.4167": [46.28, 0, -7.5],
						"0.5": [30.06486, 0, -7.5],
						"0.5833": [12.15419, 0, -7.5],
						"0.6667": [-5.07373, 0, -7.5],
						"0.75": [-19.75476, 0, -7.5],
						"0.8333": [-27.5, 0, -7.5]
					}
				},
				"bipedLeftArm": {
					"rotation": {
						"0.0": [60, 0, 7.5],
						"0.0833": [50.17357, 0, 7.5],
						"0.1667": [32.30359, 0, 7.5],
						"0.25": [12.69641, 0, 7.5],
						"0.3333": [-5.17357, 0, 7.5],
						"0.4167": [-15, 0, 7.5],
						"0.5": [-5.17357, 0, 7.5],
						"0.5833": [12.69641, 0, 7.5],
						"0.6667": [32.30359, 0, 7.5],
						"0.75": [50.17357, 0, 7.5],
						"0.8333": [60, 0, 7.5]
					}
				},
				"bipedLeftLeg": {
					"rotation": {
						"0.0": [32.5, 0, 0],
						"0.0833": [23.98376, 0, 0],
						"0.1667": [8.49644, 0, 0],
						"0.25": [-8.49644, 0, 0],
						"0.3333": [-23.98376, 0, 0],
						"0.4167": [-32.5, 0, 0],
						"0.5": [-23.98376, 0, 0],
						"0.5833": [-8.49644, 0, 0],
						"0.6667": [8.49644, 0, 0],
						"0.75": [23.98376, 0, 0],
						"0.8333": [32.5, 0, 0]
					}
				},
				"bipedRightLeg": {
					"rotation": {
						"0.0": [-32.5, 0, 0],
						"0.0833": [-23.98376, 0, 0],
						"0.1667": [-8.49644, 0, 0],
						"0.25": [8.49644, 0, 0],
						"0.3333": [23.98376, 0, 0],
						"0.4167": [32.5, 0, 0],
						"0.5": [23.98376, 0, 0],
						"0.5833": [8.49644, 0, 0],
						"0.6667": [-8.49644, 0, 0],
						"0.75": [-23.98376, 0, 0],
						"0.8333": [-32.5, 0, 0]
					}
				}
			}
		},
		"animation.auto_vajin.sit": {
			"loop": true,
			"bones": {
				"right_arm": {
					"rotation": [0.0269, -5.42936, -9.77519]
				},
				"bipedLeftArm": {
					"rotation": [0, -7.5, -7.5]
				},
				"f_wheel": {
					"position": [-0.38935, 1.84096, 1.208]
				},
				"Shape9": {
					"position": [-0.88083, 1.7847, 1.13533]
				},
				"bipedLeftLeg": {
					"rotation": [50, 0, 0]
				},
				"Shape32": {
					"rotation": [-140, 0, 0],
					"position": [0, -0.30438, 0.39668]
				},
				"bipedRightLeg": {
					"rotation": [57.52472, -1.34295, -2.10886]
				},
				"Shape60": {
					"rotation": [-147.50928, -0.18745, 2.08719],
					"position": [0.00586, 0.17665, 0.1768]
				},
				"bone": {
					"position": [0, -11.25, 0]
				}
			}
		}
	}
}