{
	"format_version": "1.8.0",
	"animations": {
		"animation.catboy_double_robot_dude.idle": {
			"loop": true,
			"bones": {
				"bipedBody": {
					"rotation": ["math.sin(query.anim_time * 120) * 4", 0, "math.cos(query.anim_time * 100) * 2"],
					"position": [0, "math.sin(query.anim_time * 45) * 1", 0]
				}
			}
		},
		"animation.catboy_double_robot_dude.walk": {
			"loop": true,
			"bones": {
				"bipedBody": {
					"rotation": [22.5, 0, 0]
				}
			}
		},
		"animation.catboy_double_robot_dude.death": {
			"animation_length": 1,
			"bones": {
				"bipedBody": {
					"rotation": {
						"0.0": [0, 0, 0],
						"0.0417": [-7.58855, 34.27698, 0],
						"0.0833": [-12.75112, 55.18803, 0],
						"0.125": [-15.2547, 64.18676, 0],
						"0.1667": [-15.69203, 61.46248, 0],
						"0.2083": [-15.27191, 46.00145, 0],
						"0.25": [-15, 15, 0],
						"0.2917": [-12.15624, -41.96708, 0],
						"0.3333": [-7.22171, -107.28652, 0],
						"0.375": [-1.52929, -174.81649, 0],
						"0.4167": [4.57315, -243.30143, 0],
						"0.4583": [10.92916, -312.20008, 0],
						"0.5": [17.45049, -381.19733, 0],
						"0.5417": [24.07972, -450.07335, 0],
						"0.5833": [30.77435, -518.64637, 0],
						"0.625": [37.5, -586.74866, 0],
						"0.6667": [44.22565, -654.19925, 0],
						"0.7083": [50.92028, -720.79806, 0],
						"0.75": [57.54951, -786.28703, 0],
						"0.7917": [64.07084, -850.32784, 0],
						"0.8333": [70.42685, -912.42637, 0],
						"0.875": [76.52929, -971.79381, 0],
						"0.9167": [82.22171, -1026.9963, 0],
						"0.9583": [87.15624, -1074.79677, 0],
						"1.0": {
							"pre": [90, -1102.5, 0],
							"post": [90, -1102.5, 0],
							"lerp_mode": "catmullrom"
						}
					},
					"position": {
						"0.0": [0, 0, 0],
						"0.25": [0, 0, 0],
						"0.2917": [0, -0.10237, 0],
						"0.3333": [0, -0.37424, 0],
						"0.375": [0, -0.7793, 0],
						"0.4167": [0, -1.29426, 0],
						"0.4583": [0, -1.90257, 0],
						"0.5": [0, -2.5921, 0],
						"0.5417": [0, -3.35344, 0],
						"0.5833": [0, -4.17906, 0],
						"0.625": [0, -5.063, 0],
						"0.6667": [0, -6.00002, 0],
						"0.7083": [0, -6.98598, 0],
						"0.75": [0, -8.01707, 0],
						"0.7917": [0, -9.09024, 0],
						"0.8333": [0, -10.20268, 0],
						"0.875": [0, -11.35193, 0],
						"0.9167": [0, -12.53584, 0],
						"0.9583": [0, -13.75248, 0],
						"1.0": [0, -15, 0]
					}
				}
			}
		}
	}
}