{
	"format_version": "1.8.0",
	"animations": {
		"effects.logo_grow": {
			"loop": "hold_on_last_frame",
			"animation_length": 3,
			"bones": {
				"logo": {
					"scale": {
						"0.0": [1, 1, 1],
						"0.0417": [1.02752, 1.02752, 1.02752],
						"0.5833": [1.55643, 1.55643, 1.55643],
						"1.125": [2.11234, 2.11234, 2.11234],
						"1.6667": [2.67239, 2.67239, 2.67239],
						"2.2083": [3.23077, 3.23077, 3.23077],
						"2.75": [3.77777, 3.77777, 3.77777],
						"2.9583": [3.97248, 3.97248, 3.97248],
						"3.0": [4, 4, 4]
					}
				}
			}
		},
		"effects.logo_spin": {
			"loop": "hold_on_last_frame",
			"animation_length": 20,
			"bones": {
				"logo": {
					"rotation": {
						"0.0": [0, 0, 0],
						"20.0": [0, 1440, 0]
					}
				}
			}
		},
		"effects.skull_jostle": {
			"loop": true,
			"animation_length": 0.375,
			"bones": {
				"skull": {
					"rotation": {
						"0.0": {
							"vector": [7.5, -15, 12.5]
						},
						"0.125": {
							"vector": [-10.3981, 11.9128, -3.8139]
						},
						"0.25": {
							"vector": [3.1329, 8.8842, -12.0972]
						},
						"0.375": {
							"vector": [7.5, -15, 12.5]
						}
					}
				}
			}
		}
	}
}