{
	"format_version": "1.8.0",
	"animations": {
		"idle": {
			"loop": true
		},
		"walk": {
			"loop": true
		},
		"kick": {
			"loop": true,
			"bones": {
				"bipedHead": {
					"rotation": {
						"vector": [6.70532, -12.91735, -1.6541]
					},
					"position": {
						"vector": [1, 1, 5]
					}
				},
				"bipedBody": {
					"rotation": {
						"vector": [-52.09694, -31.20657, 10.00117]
					},
					"position": {
						"vector": [0, 1, 6]
					}
				},
				"bipedRightArm": {
					"rotation": {
						"vector": [-42.5, 7.5, 0]
					},
					"position": {
						"vector": [2, 3, 2]
					}
				},
				"bipedLeftArm": {
					"rotation": {
						"vector": [-100.19002, -25.71543, -10.09541]
					},
					"position": {
						"vector": [-1, 0, 7]
					}
				},
				"bipedLeftLeg": {
					"rotation": {
						"vector": [-85, 0, 0]
					},
					"position": {
						"vector": [5, 5, 2]
					}
				},
				"bipedRightLeg": {
					"rotation": {
						"vector": [-67.5, 0, 0]
					},
					"position": {
						"vector": [4, 6, -3]
					}
				}
			}
		},
		"fly": {
			"loop": true
		},
		"sneak": {
			"loop": true
		},
		"swing_l": {
			"loop": true
		},
		"swing_r": {
			"loop": true
		},
		"henshin_pose": {
			"loop": "hold_on_last_frame",
			"animation_length": 2,
			"bones": {
				"bipedRightArm": {
					"rotation": {
						"0.0": [-89.13, -48.73, -12.38],
						"0.125": [-89.12912, -48.72665, -12.3766],
						"1.0417": [-102.6058, 7.31885, -1.63418],
						"1.2917": [-25.33619, -41.31648, -25.82372],
						"1.7083": [-8.57, -2.43, 21.78]
					},
					"position": {
						"0.0": [0, 0, 0],
						"1.0417": [-1, 0, 0],
						"1.2917": [2, 0, -2],
						"1.7083": [-1, 1, 0]
					}
				},
				"bipedLeftArm": {
					"rotation": {
						"0.0": [0, 0, 0],
						"0.125": [-66.84589, -40.11485, 74.59466],
						"1.2917": [-66.85, -40.11, 74.59],
						"1.7083": [-11.03021, -44.16173, -15.32934]
					},
					"position": {
						"0.0": [0, 0, 0],
						"1.2917": [0, 0, 0],
						"1.7083": [1, 0, -2]
					}
				},
				"armorLeftArm": {
					"rotation": {
						"0.0": [-10, -20, 0],
						"0.125": [-13.68519, 46.39303, -13.45054],
						"1.7083": [-5.73216, 47.66264, -2.59681]
					},
					"position": {
						"0.0": [0, 0, 0],
						"1.7083": [1, 0, 1]
					}
				},
				"armorLeftLeg": {
					"rotation": [-5, -7.5, 0]
				},
				"armorRightLeg": {
					"rotation": [0.6574, 7.4713, 5.04292]
				}
			}
		}
	},
	"geckolib_format_version": 2
}