{
	"format_version": "1.8.0",
	"animations": {
		"mirage_agito.pose": {
			"loop": true,
			"bones": {
				"body": {
					"rotation": [22.3101, -25.7155, -10.0954]
				},
				"torso": {
					"rotation": [-7.5, -7.5, 2.5],
					"position": [0.4339, -0.34202, 0.83352]
				},
				"left_leg": {
					"rotation": [10, 0, 0],
					"position": [-0.11952, 0.4284, -4.56094]
				},
				"right_leg": {
					"rotation": [-20, 32.5, 0]
				},
				"head": {
					"rotation": [-9.4689, 24.8814, 2.6734],
					"position": [0.32543, -0.25652, 0.62514]
				},
				"right_arm": {
					"rotation": [-18.9458, 26.8747, 5.4536]
				},
				"left_arm": {
					"rotation": [-13.6255, 12.9595, 3.9416],
					"position": [0.72908, -0.93969, -0.76513]
				}
			}
		}
	}
}