{
	"format_version": "1.8.0",
	"animations": {
		"agito.pose": {
			"loop": "hold_on_last_frame",
			"animation_length": 3,
			"bones": {
				"body": {
					"rotation": [58.689, -75.4534, -59.5118],
					"position": [-3, -6.25, 0]
				},
				"left_leg": {
					"rotation": [28.3187, -16.0717, -29.3029],
					"position": [-0.95706, 3.46107, -7.49103]
				},
				"right_leg": {
					"rotation": [66.1083, 83.192, 92.4501],
					"position": [-0.85385, 4.94861, -1.28068]
				},
				"right_arm": {
					"rotation": [-59.2083, 8.0574, -21.3128],
					"position": [0, 1, -1]
				},
				"left_arm": {
					"rotation": [-19.324, 38.6209, 45.6722],
					"position": [2, 0, -4]
				},
				"head": {
					"rotation": [-2.5, 87.5, 0],
					"position": [0, 1, -4]
				},
				"torso": {
					"rotation": [17.35, 19.9754, -1.1238],
					"position": [0, 1, -4]
				}
			}
		},
		"agito.agito_shining.pose": {
			"loop": true,
			"bones": {
				"body": {
					"rotation": [5, 52.5, 0],
					"position": [0, -3, 0]
				},
				"torso": {
					"rotation": [-2.4976, 0.109, 2.4976],
					"position": [0.24976, -0.0218, 0.24929]
				},
				"left_leg": {
					"rotation": [11.4939, -38.7501, -42.9945],
					"position": [0.45774, 0.23165, -2.18427]
				},
				"right_leg": {
					"rotation": [13.8835, -19.6835, 33.1276],
					"position": [-0.31572, -0.15086, -2.41516]
				},
				"head": {
					"rotation": [-7.0952, -54.6898, 8.6726]
				},
				"right_arm": {
					"rotation": [-105.0141, -53.7633, 34.8688],
					"position": [-1.03193, -1.66461, -1.63763]
				},
				"left_arm": {
					"rotation": [-94.9897, -50.764, -15.7523]
				}
			}
		},
		"agito.agito_flame.pose": {
			"loop": true,
			"bones": {
				"body": {
					"rotation": [28.6443, -71.007, -22.4884],
					"position": [0, -3, 0]
				},
				"torso": {
					"rotation": [-6.2635, -0.2567, 3.2846],
					"position": [0.64485, -0.13052, 1.25185]
				},
				"left_leg": {
					"rotation": [-5, 0, -32.5],
					"position": [0.60141, 0, -1.90743]
				},
				"right_leg": {
					"rotation": [11.1587, 45.9984, 54.6599],
					"position": [-0.94556, 0.15601, -0.28562]
				},
				"head": {
					"rotation": [-25.4094, 68.0958, -18.1916]
				},
				"right_arm": {
					"rotation": [-90.0386, 58.7232, 5.5271],
					"position": [-0.94556, 0.15601, -0.28562]
				},
				"right_item": {
					"rotation": [45.129, 1.378, 15.4698],
					"position": [-1.04854, -2.55107, 1.70076]
				},
				"left_arm": {
					"rotation": [-105.1545, 32.6495, -32.1959],
					"position": [1.76663, -1.2525, 0.55702]
				}
			}
		},
		"agito.agito_trinity.pose": {
			"loop": true,
			"bones": {
				"body": {
					"rotation": [6.2379, -47.4296, -1.911],
					"position": [-1, -2, 0]
				},
				"torso": {
					"rotation": [2.8263, 7.3838, 2.5185],
					"position": [0.01872, 0.07854, -0.89776]
				},
				"left_leg": {
					"rotation": [17.4455, 1.2926, -4.8304]
				},
				"right_leg": {
					"rotation": [-39.5444, 35.1485, -3.652],
					"position": [-0.5373, 0.07351, -0.84018]
				},
				"head": {
					"rotation": [-7.8544, 44.8676, -4.9725],
					"position": [-0.02452, 0.30921, -0.68285]
				},
				"right_arm": {
					"rotation": [-21.8064, 5.6842, 28.9042],
					"position": [-0.50566, -0.63014, 1.46419]
				},
				"left_arm": {
					"rotation": [-47.5, 0, 0],
					"position": [0, -0.99619, -0.08716]
				}
			}
		},
		"agito.agito_storm.pose": {
			"loop": true,
			"bones": {
				"body": {
					"rotation": [-2.5, -52.5, 0]
				},
				"torso": {
					"rotation": [-2.7104, 2.2701, -5.1083],
					"position": [-0.12175, 0.00692, 0.15852]
				},
				"left_leg": {
					"rotation": [17.5628, 4.768, 1.507],
					"position": [0, -0.79924, 0.0349]
				},
				"right_leg": {
					"rotation": [-7.6123, 42.7374, -5.5985]
				},
				"head": {
					"rotation": [2.864, 49.9375, 3.8823]
				},
				"right_arm": {
					"rotation": [-64.1701, 31.5915, 1.0853],
					"position": [3.17341, -0.89283, 2.47635]
				},
				"right_item": {
					"rotation": [-27.5, 0, 0]
				},
				"left_arm": {
					"rotation": [-2.462, -0.434, 87.5094],
					"position": [-1.95589, -0.17543, -4.01792]
				}
			}
		}
	}
}