{
	"format_version": "1.8.0",
	"animations": {
		"albino_joker.pose": {
			"loop": true,
			"bones": {
				"body": {
					"rotation": [-5.12, 17.6717, 7.8662],
					"position": [0, -1, 0]
				},
				"torso": {
					"rotation": [0, 0, -2.5]
				},
				"left_leg": {
					"rotation": [15.3179, -23.7818, -22.7224],
					"position": [0.20576, 0.74088, -0.98552]
				},
				"right_leg": {
					"rotation": [12.01, 10.5861, 10.0188]
				},
				"head": {
					"rotation": [10.9246, -13.3201, -5.7445]
				},
				"right_arm": {
					"rotation": [-75, 32.5, 0],
					"position": [0.27813, -1.93185, 0.43657]
				},
				"left_arm": {
					"rotation": [6.119, -21.6937, -16.1735]
				}
			}
		}
	}
}