{
	"format_version": "1.8.0",
	"animations": {
		"another_agito.pose": {
			"loop": "hold_on_last_frame",
			"bones": {
				"body": {
					"rotation": [9.2356, -54.8952, -2.2588],
					"position": [-0.0923, -0.99144, 0.0923]
				},
				"left_leg": {
					"rotation": [-26.6546, -15.134, -17.5545],
					"position": [0.63996, -0.61369, -1.73855]
				},
				"right_leg": {
					"rotation": [-0.7009, 15.5941, 23.3971],
					"position": [-0.20522, -0.71459, 0.09871]
				},
				"head": {
					"rotation": [-6.8136, 57.2066, -9.1183]
				},
				"right_arm": {
					"rotation": [-74.8072, 39.9372, 20.6282]
				},
				"left_arm": {
					"rotation": [-60.9243, 1.3034, 17.5601],
					"position": [0.75736, -2.16748, 1.14106]
				}
			}
		}
	}
}