{
	"format_version": "1.8.0",
	"animations": {
		"another_agito.another_agito_burning_form.pose": {
			"loop": true,
			"bones": {
				"body": {
					"rotation": [-12.5, -47.5, 0],
					"position": [0.55852, -1.41704, -0.51178]
				},
				"torso": {
					"rotation": [10.1058, 2.0253, 2.8979],
					"position": [-0.04362, -0.17348, -0.98387]
				},
				"left_leg": {
					"rotation": [18.9033, 7.9814, -15.6247],
					"position": [-0.74646, -0.28052, -0.03789]
				},
				"right_leg": {
					"rotation": [14.2542, 33.2546, 24.3319],
					"position": [-0.09078, 0.65819, 1.65465]
				},
				"head": {
					"rotation": [15.9616, 41.8175, 12.0088],
					"position": [-0.70988, -0.41323, -1.82354]
				},
				"right_arm": {
					"rotation": [22.0621, 15.3658, 13.9439],
					"position": [-0.19611, -0.38355, -0.35628]
				},
				"left_arm": {
					"rotation": [22.16, 3.2114, -12.0868],
					"position": [0.02825, -0.3797, -0.92468]
				}
			}
		},
		"another_agito_koji.another_agito_burning_form.pose": {
			"loop": true,
			"bones": {
				"body": {
					"rotation": [-12.5, -47.5, 0],
					"position": [0.55852, -1.41704, -0.51178]
				},
				"torso": {
					"rotation": [10.1058, 2.0253, 2.8979],
					"position": [-0.04362, -0.17348, -0.98387]
				},
				"left_leg": {
					"rotation": [18.9033, 7.9814, -15.6247],
					"position": [-0.70721, 0.06686, 0.89901]
				},
				"right_leg": {
					"rotation": [14.2542, 33.2546, 24.3319],
					"position": [-0.6765, 0.65282, 0.84415]
				},
				"head": {
					"rotation": [15.9616, 41.8175, 12.0088],
					"position": [-0.70988, -0.41323, -1.82354]
				},
				"right_arm": {
					"rotation": [22.0621, 15.3658, 13.9439],
					"position": [-0.19611, -0.38355, -0.35628]
				},
				"left_arm": {
					"rotation": [22.16, 3.2114, -12.0868],
					"position": [0.02825, -0.3797, -0.92468]
				}
			}
		}
	}
}