{
	"format_version": "1.8.0",
	"animations": {
		"aqua.pose": {
			"loop": true,
			"bones": {
				"body": {
					"rotation": [22.6292, -47.7266, -17.1424],
					"position": [0, -1.93185, 0.51764]
				},
				"torso": {
					"rotation": [0, 12.5, 7.5],
					"position": [0.96794, -0.12743, -0.21644]
				},
				"left_leg": {
					"rotation": [22.6794, -10.279, -29.6105],
					"position": [1.65181, -1.35993, -3.36532]
				},
				"right_leg": {
					"rotation": [25.0528, 62.8334, 62.7239],
					"position": [-2.99804, 0.67468, -3.11538]
				},
				"head": {
					"rotation": [-14.2782, 47.5812, 0.959],
					"position": [1.03005, -0.14057, -0.41138]
				},
				"right_arm": {
					"rotation": [-143.3609, 47.1095, 11.963],
					"position": [-0.64279, 0, 0.76604]
				},
				"left_arm": {
					"rotation": [-45.586, 64.8914, 13.3851],
					"position": [0.85999, -0.92402, -3.92512]
				}
			}
		}
	}
}