{
	"format_version": "1.8.0",
	"animations": {
		"araki.pose": {
			"loop": true,
			"animation_length": 3,
			"bones": {
				"body": {
					"rotation": [31.895, 33.7371, -5.1652],
					"position": [0, -5, 0]
				},
				"torso": {
					"rotation": [-5, 0, 0],
					"position": [-0.55538, -0.43938, 0.70604]
				},
				"left_leg": {
					"rotation": [17.5, -12.5, -7.5]
				},
				"right_leg": {
					"rotation": [-38.7611, -2.1885, 34.9065],
					"position": [-0.66877, 4.06252, -2.24692]
				},
				"head": {
					"rotation": [-22.7802, -20.3398, 21.3335]
				},
				"right_arm": {
					"rotation": [0, -17.5, 117.5],
					"position": [-2.7672, -0.14139, 0.56798]
				},
				"left_arm": {
					"rotation": [-132.0358, -22.3233, 34.0648],
					"position": [-0.07487, -0.81915, -0.56867]
				}
			}
		}
	}
}