{
	"format_version": "1.8.0",
	"animations": {
		"beast.pose": {
			"loop": true,
			"bones": {
				"body": {
					"rotation": [50.0472, -37.4266, -35.9607],
					"position": [0, -8, 3]
				},
				"left_leg": {
					"rotation": [52.9465, -25.7852, 20.4573],
					"position": [2.05855, -0.94986, -3.72714]
				},
				"right_leg": {
					"rotation": [-71.4065, 44.531, 52.8547],
					"position": [-2.55178, 1.38002, -1.25855]
				},
				"head": {
					"rotation": [-32.6773, 48.8926, 3.1153],
					"position": [-0.22938, -0.41033, -0.17417]
				},
				"right_arm": {
					"rotation": [-97.4528, 40.7882, 31.0008],
					"position": [-1.25784, 2.19761, -0.38841]
				},
				"left_arm": {
					"rotation": [-98.0914, 44.2866, 28.5669],
					"position": [0.40215, -3.66356, -2.10158]
				}
			}
		}
	}
}