{
	"format_version": "1.8.0",
	"animations": {
		"black_sun.pose": {
			"loop": "hold_on_last_frame",
			"bones": {
				"body": {
					"rotation": [15, 20, 0]
				},
				"torso": {
					"rotation": [-5, 0, 0]
				},
				"left_leg": {
					"rotation": [-22.5, -7.5, -10],
					"position": [0.31423, -0.07148, -3.47018]
				},
				"right_leg": {
					"rotation": [-9.8627, 30.9614, 4.1058],
					"position": [0.21733, 0.08435, -0.87376]
				},
				"head": {
					"rotation": [-13.0862, -17.0723, 3.9041]
				},
				"right_arm": {
					"rotation": [0.9845, 7.4355, 7.5639]
				},
				"left_arm": {
					"rotation": [-14.1195, -9.9616, -5.0767]
				}
			}
		}
	}
}