{
	"format_version": "1.8.0",
	"animations": {
		"black_joker.pose": {
			"loop": true,
			"bones": {
				"body": {
					"rotation": [19.2791, -38.3807, -12.2528],
					"position": [-0.00002, -4.82963, 1.29411]
				},
				"torso": {
					"rotation": [2.5, 5, 0]
				},
				"left_leg": {
					"rotation": [11.878, -13.5746, -7.5988],
					"position": [0.43859, 3.38459, -3.65407]
				},
				"right_leg": {
					"rotation": [0.7962, 35.4557, 37.3512],
					"position": [-2.1537, 3.32417, -4.03875]
				},
				"head": {
					"rotation": [-4.194, 35.1108, 1.3213]
				},
				"right_arm": {
					"rotation": [-114.8901, 35.5831, -16.9366],
					"position": [-1.88202, 1.43781, -0.62505]
				},
				"left_arm": {
					"rotation": [-121.8038, 29.0353, -60.2464],
					"position": [0.24136, -0.86245, -3.19342]
				}
			}
		}
	}
}