{
	"format_version": "1.8.0",
	"animations": {
		"chalice.final_form_ride_chalice_choco.pose": {
			"loop": "hold_on_last_frame",
			"bones": {
				"body": {
					"rotation": {
						"0.0": [0, 0, 0],
						"0.0417": [0.07036, 0, 0],
						"0.0833": [0.32651, 0, 0],
						"0.125": [0.77482, 0, 0],
						"0.1667": [1.4203, 0, 0],
						"0.2083": [2.27167, 0, 0],
						"0.25": [3.34225, 0, 0],
						"0.2917": [4.65047, 0, 0],
						"0.3333": [6.21913, 0, 0],
						"0.375": [8.07992, 0, 0],
						"0.4167": [10.26955, 0, 0],
						"0.4583": [12.84187, 0, 0],
						"0.5": [15.862, 0, 0],
						"0.5417": [19.42573, 0, 0],
						"0.5833": [23.67029, 0, 0],
						"0.625": [28.80433, 0, 0],
						"0.6667": [35.18168, 0, 0],
						"0.7083": [43.49039, 0, 0],
						"0.75": [55.51571, 0, 0],
						"0.7917": [90, 0, 0],
						"0.8333": [94.5, 0, 0],
						"0.875": [87, 0, 0],
						"0.9167": [90.7503, -1.4995, -0.0195],
						"0.9583": [90, -2, 0]
					},
					"position": {
						"0.0": [0, 0, 0],
						"0.0417": [0, -0.00723, -0.00142],
						"0.0833": [0, -0.02652, -0.00777],
						"0.125": [0, -0.05674, -0.01988],
						"0.1667": [0, -0.09781, -0.03797],
						"0.2083": [0, -0.15011, -0.06212],
						"0.25": [0, -0.21433, -0.09241],
						"0.2917": [0, -0.29147, -0.12894],
						"0.3333": [0, -0.38286, -0.17185],
						"0.375": [0, -0.49019, -0.22129],
						"0.4167": [0, -0.61582, -0.27744],
						"0.4583": [0, -0.7627, -0.3405],
						"0.5": [0, -0.93499, -0.41072],
						"0.5417": [0, -1.13868, -0.48837],
						"0.5833": [0, -1.38255, -0.57374],
						"0.625": [0, -1.68101, -0.66718],
						"0.6667": [0, -2.06045, -0.76908],
						"0.7083": [0, -2.58042, -0.87987],
						"0.75": [0, -3.47, -1],
						"0.7917": {
							"pre": [0, -5.625, 0],
							"post": [0, -5.625, 0],
							"lerp_mode": "catmullrom"
						},
						"0.8333": [0, -4.625, -0.25],
						"0.875": [0, -5.35, -0.25],
						"0.9167": [-0.4, -5.425, -0.5],
						"0.9583": [-0.525, -5.625, -0.5]
					}
				}
			}
		},
		"chalice.final_form_ride_chalice_choco_2.pose": {
			"loop": "hold_on_last_frame",
			"bones": {
				"body": {
					"rotation": {
						"0.0": [0, 0, 0],
						"0.0417": [0.14423, 0, 0],
						"0.0833": [0.53457, 0, 0],
						"0.125": [1.14867, 0, 0],
						"0.1667": [1.9848, 0, 0],
						"0.2083": [3.04959, 0, 0],
						"0.25": [4.35547, 0, 0],
						"0.2917": [5.92148, 0, 0],
						"0.3333": [7.77241, 0, 0],
						"0.375": [9.93985, 0, 0],
						"0.4167": [12.4647, 0, 0],
						"0.4583": [15.40101, 0, 0],
						"0.5": [18.8216, 0, 0],
						"0.5417": [22.8272, 0, 0],
						"0.5833": [27.5611, 0, 0],
						"0.625": [33.24405, 0, 0],
						"0.6667": [40.24538, 0, 0],
						"0.7083": [49.27523, 0, 0],
						"0.75": [62.10942, 0, 0],
						"0.7917": [90, 0, 0],
						"0.8333": [94.5, 0, 0],
						"0.875": [87, 0, 0],
						"0.9167": [90.7503, -1.4995, -0.0195],
						"0.9583": [90, -2, 0]
					},
					"position": {
						"0.0": [0, 0, 0],
						"0.7917": [0, 0, 0],
						"0.8333": [0, 1.5, -0.25],
						"0.875": [0, 0.25, -0.25],
						"0.9167": [-0.4, 0.75, -0.5],
						"0.9583": [-0.525, 0, -0.5]
					}
				}
			}
		},
		"chalice.pose": {
			"loop": true,
			"bones": {
				"body": {
					"rotation": [52.3435, -31.4217, -34.0426],
					"position": [0, -4, 0]
				},
				"torso": {
					"rotation": [-13.1211, -6.0933, 0.1145]
				},
				"left_leg": {
					"rotation": [-51.4386, -16.6365, -6.0343],
					"position": [1.32845, -0.30566, -4.49997]
				},
				"right_leg": {
					"rotation": [25.0229, 46.716, 71.952],
					"position": [-1.6275, 2.28948, -3.45593]
				},
				"head": {
					"rotation": [-40, 45, 0],
					"position": [-0.99905, -0.06169, -0.99905]
				},
				"right_arm": {
					"rotation": [-134.5458, 25.7288, -22.6438]
				},
				"left_arm": {
					"rotation": [10.0093, -2.462, -100.4344],
					"position": [2, 0, 0]
				}
			}
		}
	}
}