{
	"format_version": "1.8.0",
	"animations": {
		"den_o.rider_ticket_gun.pose": {
			"loop": "hold_on_last_frame",
			"animation_length": 1.9167
		},
		"den_o.pose": {
			"loop": "hold_on_last_frame",
			"animation_length": 1.2083
		},
		"den_o.rider_ticket.pose": {
			"loop": true,
			"bones": {
				"body": {
					"rotation": [7.5, 32.5, 0],
					"position": [0, -1, 0]
				},
				"torso": {
					"rotation": [15.3472, 12.0676, 3.2839],
					"position": [0, 0, -2]
				},
				"left_leg": {
					"rotation": [-8.1153, -23.1026, -5.6632],
					"position": [0, 0, 0]
				},
				"right_leg": {
					"rotation": [0.9845, 7.4355, 7.5639],
					"position": [0, 0, 1]
				},
				"head": {
					"rotation": [-0.3682, -30.4896, 1.7804],
					"position": [0, 0, -2]
				},
				"right_arm": {
					"rotation": [-78.0197, 23.925, -49.7945],
					"position": [0, 0, 1]
				},
				"left_arm": {
					"rotation": [-74.4445, -19.8541, 54.579],
					"position": [0, 0, -2]
				}
			}
		},
		"den_o.rider_ticket_rod.pose": {
			"loop": "hold_on_last_frame",
			"bones": {
				"body": {
					"rotation": {
						"0.0": {
							"post": [0, -27.5, 0],
							"lerp_mode": "catmullrom"
						},
						"0.2083": {
							"post": [0, -27.5, 0],
							"lerp_mode": "catmullrom"
						},
						"0.3333": {
							"post": [0, -27.5, 0],
							"lerp_mode": "catmullrom"
						},
						"0.375": [-0.55961, -27.5, 0],
						"0.4167": [-1.83049, -27.5, 0],
						"0.4583": [-3.47402, -27.5, 0],
						"0.5833": [-9.02598, -27.5, 0],
						"0.625": [-10.66951, -27.5, 0],
						"0.6667": [-11.94039, -27.5, 0],
						"0.7083": [-12.5, -27.5, 0]
					}
				},
				"torso": {
					"rotation": {
						"0.0": {
							"post": [-6.5303, 8.357, 6.5302],
							"lerp_mode": "catmullrom"
						},
						"0.2083": {
							"post": [-6.5303, 8.357, 6.5302],
							"lerp_mode": "catmullrom"
						},
						"0.3333": {
							"post": [-6.5303, 8.357, 6.5302],
							"lerp_mode": "catmullrom"
						},
						"0.375": [-6.47884, 8.39189, 6.86809],
						"0.4167": [-6.36198, 8.47112, 7.63544],
						"0.4583": [-6.21086, 8.57358, 8.62779],
						"0.5833": [-5.70034, 8.91972, 11.98001],
						"0.625": [-5.54922, 9.02218, 12.97236],
						"0.6667": [-5.43236, 9.10141, 13.73971],
						"0.7083": [-5.3809, 9.1363, 14.0776]
					},
					"position": {
						"0.0": {
							"post": [2, 0, 1],
							"lerp_mode": "catmullrom"
						},
						"0.2083": {
							"post": [2, 0, 1],
							"lerp_mode": "catmullrom"
						},
						"0.3333": {
							"post": [2, 0, 1],
							"lerp_mode": "catmullrom"
						},
						"0.375": [2.04287, -0.01075, 0.99289],
						"0.4167": [2.14024, -0.03517, 0.97675],
						"0.4583": [2.26616, -0.06674, 0.95587],
						"0.5833": [2.69151, -0.17341, 0.88535],
						"0.625": [2.81742, -0.20498, 0.86447],
						"0.6667": [2.91479, -0.2294, 0.84832],
						"0.7083": [2.95766, -0.24015, 0.84122]
					}
				},
				"left_leg": {
					"rotation": {
						"0.0": {
							"post": [1.3096, -7.3854, -10.0845],
							"lerp_mode": "catmullrom"
						},
						"0.2083": {
							"post": [1.3096, -7.3854, -10.0845],
							"lerp_mode": "catmullrom"
						},
						"0.3333": {
							"post": [1.3096, -7.3854, -10.0845],
							"lerp_mode": "catmullrom"
						},
						"0.375": [1.86921, -7.3854, -10.0845],
						"0.4167": [3.14009, -7.3854, -10.0845],
						"0.4583": [4.78362, -7.3854, -10.0845],
						"0.5833": [10.33558, -7.3854, -10.0845],
						"0.625": [11.97911, -7.3854, -10.0845],
						"0.6667": [13.24999, -7.3854, -10.0845],
						"0.7083": [13.8096, -7.3854, -10.0845]
					}
				},
				"right_leg": {
					"rotation": {
						"0.0": {
							"post": [0.7879, 17.4828, 2.6212],
							"lerp_mode": "catmullrom"
						},
						"0.2083": {
							"post": [0.7879, 17.4828, 2.6212],
							"lerp_mode": "catmullrom"
						},
						"0.3333": {
							"post": [0.7879, 17.4828, 2.6212],
							"lerp_mode": "catmullrom"
						},
						"0.375": [1.69947, 17.90853, 3.15466],
						"0.4167": [3.76965, 18.87536, 4.36616],
						"0.4583": [6.44686, 20.1257, 5.93289],
						"0.5833": [15.49064, 24.3494, 11.22541],
						"0.625": [18.16785, 25.59974, 12.79214],
						"0.6667": [20.23803, 26.56657, 14.00364],
						"0.7083": [21.1496, 26.9923, 14.5371]
					}
				},
				"head": {
					"rotation": {
						"0.0": {
							"post": [0, 10, -5],
							"lerp_mode": "catmullrom"
						},
						"0.2083": {
							"post": [0, 10, -5],
							"lerp_mode": "catmullrom"
						},
						"0.3333": {
							"post": [0, 10, -5],
							"lerp_mode": "catmullrom"
						},
						"0.375": [0.34986, 10.78264, -5.15493],
						"0.4167": [1.14439, 12.56004, -5.50677],
						"0.4583": [2.1719, 14.8586, -5.96178],
						"0.5833": [5.6429, 22.6233, -7.49882],
						"0.625": [6.67041, 24.92186, -7.95383],
						"0.6667": [7.46494, 26.69926, -8.30567],
						"0.7083": [7.8148, 27.4819, -8.4606]
					},
					"position": {
						"0.0": {
							"post": [1, 0, 1],
							"lerp_mode": "catmullrom"
						},
						"0.2083": {
							"post": [1, 0, 1],
							"lerp_mode": "catmullrom"
						},
						"0.3333": {
							"post": [1, 0, 1],
							"lerp_mode": "catmullrom"
						},
						"0.375": [1.08071, -0.01121, 0.96288],
						"0.4167": [1.264, -0.03666, 0.87859],
						"0.4583": [1.50103, -0.06957, 0.76959],
						"0.5833": [2.30175, -0.18074, 0.40136],
						"0.625": [2.53878, -0.21366, 0.29236],
						"0.6667": [2.72207, -0.2391, 0.20807],
						"0.7083": [2.80278, -0.25031, 0.17095]
					}
				},
				"right_arm": {
					"rotation": {
						"0.0": {
							"post": [-120.6041, -10.9142, 49.022],
							"lerp_mode": "catmullrom"
						},
						"0.2083": {
							"post": [-120.6041, -10.9142, 49.022],
							"lerp_mode": "catmullrom"
						},
						"0.3333": {
							"post": [-112.7958, -6.3062, 69.3274],
							"lerp_mode": "catmullrom"
						},
						"0.375": [-113.3515, -4.97569, 67.75876],
						"0.4167": [-114.61349, -1.95407, 64.19634],
						"0.4583": [-116.24553, 1.95356, 59.58935],
						"0.5": [-118.06409, 6.30776, 54.45585],
						"0.5417": [-119.94011, 10.79954, 49.16015],
						"0.5833": [-121.75867, 15.15374, 44.02665],
						"0.625": [-123.39071, 19.06137, 39.41966],
						"0.6667": [-124.6527, 22.08299, 35.85724],
						"0.7083": [-125.2084, 23.4135, 34.2886]
					},
					"position": {
						"0.0": {
							"post": [1, -3, -1],
							"lerp_mode": "catmullrom"
						},
						"0.2083": {
							"post": [1, -3, -1],
							"lerp_mode": "catmullrom"
						},
						"0.3333": {
							"post": [3.31601, -2.56179, -2.5833],
							"lerp_mode": "catmullrom"
						},
						"0.375": [3.23332, -2.58589, -2.37183],
						"0.4167": [3.04551, -2.64062, -1.89158],
						"0.4583": [2.80263, -2.71141, -1.27051],
						"0.5": [2.532, -2.79027, -0.57845],
						"0.5417": [2.25281, -2.87164, 0.13546],
						"0.5833": [1.98218, -2.95051, 0.82751],
						"0.625": [1.7393, -3.02129, 1.44859],
						"0.6667": [1.5515, -3.07602, 1.92884],
						"0.7083": [1.4688, -3.10012, 2.14031]
					}
				},
				"left_arm": {
					"rotation": {
						"0.0": {
							"post": [-87.6648, 3.611, -29.8501],
							"lerp_mode": "catmullrom"
						},
						"0.2083": {
							"post": [-87.6648, 3.611, -29.8501],
							"lerp_mode": "catmullrom"
						},
						"0.3333": {
							"post": [-87.537, -18.8697, -30.7943],
							"lerp_mode": "catmullrom"
						},
						"0.375": [-86.60022, -17.46478, -30.04571],
						"0.4167": [-84.47276, -14.27417, -28.34563],
						"0.4583": [-81.72148, -10.14801, -26.14706],
						"0.5": [-78.65578, -5.55029, -23.69722],
						"0.5417": [-75.49322, -0.80731, -21.16998],
						"0.5833": [-72.42752, 3.79041, -18.72014],
						"0.625": [-69.67624, 7.91657, -16.52157],
						"0.6667": [-67.54878, 11.10718, -14.82149],
						"0.7083": [-66.612, 12.5121, -14.0729]
					},
					"position": {
						"0.0": {
							"post": [0, 0, 0],
							"lerp_mode": "catmullrom"
						},
						"0.0417": [0.11771, -0.04595, -0.02818],
						"0.0833": [0.32554, -0.12708, -0.07794],