{
	"format_version": "1.8.0",
	"animations": {
		"faiz.pose": {
			"loop": "hold_on_last_frame",
			"bones": {
				"body": {
					"rotation": [40, -62.5, 0],
					"position": [-2, -5, 0]
				},
				"left_leg": {
					"rotation": [0, 0, -17.5],
					"position": [1.03296, 6.21774, -5.85429]
				},
				"right_leg": {
					"rotation": [-39.2362, 42.4061, -24.032],
					"position": [-3.11299, 6.76737, -3.07513]
				},
				"right_arm": {
					"rotation": [-67.8084, 3.8102, -9.2525]
				},
				"left_arm": {
					"rotation": [-69.1804, 30.6765, -8.0205]
				},
				"head": {
					"rotation": [-68.3897, 47.9367, -58.8865]
				},
				"torso": {
					"rotation": [0, 10, 0]
				}
			}
		}
	}
}