{
	"format_version": "1.8.0",
	"animations": {
		"female_agito.agito_trinity.pose": {
			"loop": true,
			"bones": {
				"body": {
					"rotation": [27.5, -17.5, 0],
					"position": [0, -3, 0]
				},
				"torso": {
					"rotation": [4.6277, -9.5043, 3.2788],
					"position": [1, 0, 0]
				},
				"left_leg": {
					"rotation": [-60.7283, 12.3633, 5.6377]
				},
				"right_leg": {
					"rotation": [10.3338, 11.821, -10.5981]
				},
				"head": {
					"rotation": [-30.5539, 30.6597, 13.578],
					"position": [0.69248, 0.59724, -0.74077]
				},
				"right_arm": {
					"rotation": [-106.525, -6.1842, -54.624],
					"position": [-0.5, 1, 0]
				},
				"left_arm": {
					"rotation": [9.2368, -33.2665, -36.0812]
				}
			}
		}
	}
}