{
	"format_version": "1.8.0",
	"animations": {
		"fuma.pose": {
			"loop": true,
			"bones": {
				"body": {
					"rotation": [-16.7363, 42.406, -24.032],
					"position": [0, -6, 0]
				},
				"torso": {
					"rotation": [2.4976, -0.109, 2.4976]
				},
				"left_leg": {
					"rotation": [-18.1816, -6.1378, -35.2316]
				},
				"right_leg": {
					"rotation": [32.2773, -4.0215, 33.8359],
					"position": [-0.57114, 3.23421, -5.21667]
				},
				"head": {
					"rotation": [4.5837, -44.1385, 14.8336]
				},
				"right_arm": {
					"rotation": [-17.4592, 38.1664, 139.6318],
					"position": [-1.07323, 1.73586, -1.47178]
				},
				"left_arm": {
					"rotation": [-14.4416, -56.1103, -16.0356],
					"position": [1.34876, -1.42526, -1.41421]
				}
			}
		}
	}
}