{
	"format_version": "1.8.0",
	"animations": {
		"g1.pose": {
			"loop": true,
			"bones": {
				"body": {
					"rotation": [47.1479, -34.3928, -6.9325],
					"position": [-1.40954, -4.27927, 2.01303]
				},
				"torso": {
					"rotation": [-4.5667, -4.5251, -5.4333],
					"position": [0.66106, 1.1674, -0.83461]
				},
				"left_leg": {
					"rotation": [-33.2813, -45.8138, -12.1429],
					"position": [2.45746, 0.16782, -1.98312]
				},
				"right_leg": {
					"rotation": [-45.0747, 26.8006, 6.2699],
					"position": [0.68058, 4.78622, -1.84716]
				},
				"head": {
					"rotation": [-24.6538, 37.1269, -16.1014],
					"position": [0.28075, 1.24713, -0.83244]
				},
				"right_arm": {
					"rotation": [-54.9051, 12.2229, -6.6163],
					"position": [0.40958, 0.16449, -0.23492]
				},
				"left_arm": {
					"rotation": [14.5951, 40.7793, -53.2836],
					"position": [2.0848, 0.51013, 0.6272]
				}
			}
		}
	}
}