{
	"format_version": "1.8.0",
	"animations": {
		"garren.pose": {
			"loop": true,
			"bones": {
				"body": {
					"rotation": [-5, 25, 0],
					"position": [-0.01843, -0.99905, -0.03953]
				},
				"torso": {
					"rotation": [4.9953, -0.2178, -2.5095],
					"position": [-0.4924, -0.1087, -0.74715]
				},
				"left_leg": {
					"rotation": [-1.0228, -14.1604, -15.2407]
				},
				"right_leg": {
					"rotation": [11.2188, 11.05, 17.8014]
				},
				"head": {
					"rotation": [7.5, -22.5, 0],
					"position": [-0.92388, 0, -0.38268]
				},
				"right_arm": {
					"rotation": [-145, 0, 0],
					"position": [-1, -3.17165, -2.31915]
				},
				"left_arm": {
					"rotation": [9.7419, 0.2534, -12.192]
				}
			}
		}
	}
}