{
	"format_version": "1.8.0",
	"animations": {
		"gatack.pose": {
			"loop": true,
			"animation_length": 3,
			"bones": {
				"body": {
					"rotation": [0, 40, 0],
					"position": [0, -4, 0]
				},
				"torso": {
					"rotation": [7.3063, 5.2799, -1.8348],
					"position": [-0.66526, 0, -0.34631]
				},
				"left_leg": {
					"rotation": [-14.9529, -18.8295, -34.5886]
				},
				"right_leg": {
					"rotation": [28.0184, 2.488, 32.2767],
					"position": [-1.31227, 0, -1.81051]
				},
				"head": {
					"rotation": [0, -37.5, 0],
					"position": [-0.88701, 0, -0.46175]
				},
				"right_arm": {
					"rotation": [-114.3834, -10.631, 22.2622],
					"position": [-2.66103, -2, -1.38525]
				},
				"left_arm": {
					"rotation": [-32.5, 0, -60],
					"position": [0.46175, -1, -0.88701]
				}
			}
		}
	}
}