{
	"format_version": "1.8.0",
	"animations": {
		"gotchard_daybreak.pose": {
			"loop": true,
			"animation_length": 3,
			"bones": {
				"body": {
					"rotation": [-7.5, 40, 0],
					"position": [-0.0839, -0.99144, -0.09999]
				},
				"torso": {
					"rotation": [-2.7312, 4.7575, 4.5641]
				},
				"left_leg": {
					"rotation": [15.8878, -42.3891, -20.382],
					"position": [0.6351, -0.11985, -1.28603]
				},
				"right_leg": {
					"rotation": [23.1508, 30.8023, 23.1272],
					"position": [-1.40211, -0.07801, -0.1673]
				},
				"head": {
					"rotation": [15.7582, -42.2718, -6.9862]
				},
				"right_arm": {
					"rotation": [0, 0, 117.5],
					"position": [-2.23577, 0.03649, 0]
				},
				"left_arm": {
					"rotation": [7.0713, -24.1629, -10.9611],
					"position": [0.06961, -0.49194, 0.05616]
				},
				"right_item": {
					"rotation": [32.5, 0, 0]
				}
			}
		}
	}
}