{
	"format_version": "1.8.0",
	"animations": {
		"ichigo.pose": {
			"loop": "hold_on_last_frame",
			"bones": {
				"body": {
					"rotation": [0, -27.5, 0],
					"position": [0, -1.25, 0]
				},
				"left_leg": {
					"rotation": [3.6086, -19.8583, -9.2358]
				},
				"right_leg": {
					"rotation": [-4.2575, 5.3621, 12.2926],
					"position": [0, 0, -2]
				},
				"right_arm": {
					"rotation": [-110.569, -51.8144, -19.4426],
					"position": [1.5, -0.25, -3.75]
				},
				"left_arm": {
					"rotation": [-53.475, -9.5767, 11.5994],
					"position": [0.01149, -1.58193, 3.41843]
				},
				"head": {
					"rotation": [2.5, 25, 0]
				},
				"torso": {
					"rotation": [-5, -17.5, -2.5]
				}
			}
		},
		"ichigo.takoyaki_typhoon_core.pose": {
			"loop": "hold_on_last_frame",
			"bones": {
				"body": {
					"rotation": [0, -27.5, 0],
					"position": [0, -1.25, 0]
				},
				"left_leg": {
					"rotation": [3.6086, -19.8583, -9.2358]
				},
				"right_leg": {
					"rotation": [-4.2575, 5.3621, 12.2926],
					"position": [0, 0, -2]
				},
				"right_arm": {
					"rotation": [-110.569, -51.8144, -19.4426],
					"position": [1.85229, -0.25, -9.5703]
				},
				"left_arm": {
					"rotation": [-53.475, -9.5767, 11.5994],
					"position": [0.86201, -1.58193, 0.72091]
				},
				"head": {
					"rotation": [2.5, 25, 0]
				},
				"torso": {
					"rotation": [-5, -17.5, -2.5]
				}
			}
		},
		"ichigo.ichigo_manga.pose": {
			"loop": true,
			"bones": {
				"body": {
					"rotation": [37.2366, -16.1292, 26.1759],
					"position": [0, -3, 0]
				},
				"torso": {
					"rotation": [2.5, -10, 0]
				},
				"left_leg": {
					"rotation": [25, 0, 0],
					"position": [0.80811, 7.10601, -3.53065]
				},
				"right_leg": {
					"rotation": [12.4539, -1.0809, 4.882]
				},
				"head": {
					"rotation": [-27.2181, 2.3242, -10.3362]
				},
				"right_arm": {
					"rotation": [29.5869, -3.2114, 14.6598]
				},
				"left_arm": {
					"rotation": [-112.1639, -2.0986, -2.4739],
					"position": [0.07039, 1.51348, -3.70195],
					"scale": [1.2, 1, 1.2]
				}
			}
		},
		"ichigo.henshin": {
			"animation_length": 8.6667,
			"bones": {
				"body": {
					"rotation": [10, -32.5, 0],
					"position": [0, -2, 0]
				},
				"torso": {
					"rotation": {
						"0.0": [2.5, 75, 0],
						"0.2083": [3.2135, -24.9843, -2.716]
					}
				},
				"left_leg": {
					"rotation": [-0.218, 2.4905, -27.5048]
				},
				"right_leg": {
					"rotation": {
						"0.0": [-27.3813, 49.1684, 3.6003],
						"0.2083": [-22.3813, 49.1684, 3.6003]
					},
					"position": {
						"0.0": [-0.01379, -0.87931, -0.12735],
						"0.2083": [-0.5854, -0.27711, -0.60791]
					}
				},
				"head": {
					"rotation": [-10.0978, 27.3865, -5.6331]
				},
				"right_arm": {
					"rotation": {
						"0.0": [-55, 50, 0],
						"0.2083": [-104.5477, -66.2134, -27.9307],
						"0.3333": [-452.9163, -78.0464, 259.8771],
						"0.4583": [-420.1209, -69.9392, 209.2544],
						"0.75": [-470.669, -76.069, 214.4263]
					},
					"position": {
						"0.0": [3.4061, -1.22788, 6.77428],
						"0.2083": [1.36709, 0.61439, -3.36295],
						"0.4583": [-1.31678, 0.5834, -0.52173],
						"0.75": [-1.77575, 0.84209, 1.11963]
					}
				},
				"left_arm": {
					"rotation": {
						"0.0": [-176.4424, 67.0305, -78.962],
						"0.2083": [-48.6614, -1.3487, -18.4573]
					},
					"position": {
						"0.0": [-7.27535, -0.08201, -6.04653],
						"0.2083": [0.33848, -1.3522, 3.28668]
					}
				}
			}
		}
	}
}