{
	"format_version": "1.8.0",
	"animations": {
		"kivala.pose": {
			"loop": true,
			"animation_length": 3,
			"bones": {
				"body": {
					"rotation": [0, 70, 0],
					"position": [0, -1.5, 0]
				},
				"torso": {
					"rotation": [7.5, 0, 7.5]
				},
				"left_leg": {
					"rotation": [19.6324, -39.566, -18.5194],
					"position": [-0.34202, 0, -0.93969]
				},
				"right_leg": {
					"rotation": [-3.4247, -4.7512, 22.018],
					"position": [-1.87939, 0, 0.68404]
				},
				"head": {
					"rotation": [6.6925, -69.1713, -7.3324]
				},
				"right_arm": {
					"rotation": [-75.1226, -1.936, 72.2472],
					"position": [-2.56343, -1, -1.19534]
				},
				"right_item": {
					"rotation": [0, -90, 0],
					"position": [0, 0, 2]
				},
				"left_arm": {
					"rotation": [41.3867, -15.445, -25.09],
					"position": [0.34202, -1, 0.93969]
				}
			}
		}
	}
}