{
	"format_version": "1.8.0",
	"animations": {
		"kiva.pose": {
			"loop": "hold_on_last_frame",
			"bones": {
				"body": {
					"rotation": [22.5, 45, 0],
					"position": [0, -6, 0]
				},
				"torso": {
					"rotation": [-5, 10, 0],
					"position": [0, 0, 1]
				},
				"left_leg": {
					"rotation": [-7.4971, -4.8896, -13.541],
					"position": [2.1034, 5.93953, -4.41381]
				},
				"right_leg": {
					"rotation": [40, 0, 22.5],
					"position": [-0.48173, 1.45013, -3.41542]
				},
				"head": {
					"rotation": [-24.5107, -43.0795, 20.7535]
				},
				"right_arm": {
					"rotation": [-142.6331, 33.2746, -16.8143],
					"position": [-0.46213, 2.47455, -1.26969]
				},
				"left_arm": {
					"rotation": [13.5828, -33.351, -40.9102],
					"position": [0.53898, -0.81915, 0.19617]
				}
			}
		},
		"kiva.garulufuestle.pose": {
			"loop": "hold_on_last_frame",
			"animation_length": 4,
			"bones": {
				"body": {
					"rotation": {
						"0.0": [0, 0, 0],
						"0.25": [0, 0, 0],
						"0.5": [-17.5, 0, 0],
						"1.5": [-17.5, 0, 0],
						"2.25": [40, 0, 0]
					},
					"position": {
						"0.0": [0, 0, 0],
						"0.25": [0, 0, 0],
						"1.5": [0, 0, 0],
						"2.25": [0, -9, 0]
					},
					"scale": {
						"0.0": [1, 1, 1],
						"0.25": [1, 1, 1]
					}
				},
				"torso_root": {
					"rotation": [0, 0, 0],
					"position": [0, 0, 0]
				},
				"torso": {
					"position": {
						"0.0": [0, 0, 0],
						"0.25": [0, 0, 0]
					},
					"scale": {
						"0.0": [1, 1, 1],
						"0.25": [1, 1, 1]
					}
				},
				"left_leg_root": {
					"rotation": [0, 0, 0],
					"position": [0, 0, 0]
				},
				"left_leg": {
					"rotation": {
						"0.0": [0, 0, 0],
						"0.0833": [0, 0, -1.19218],
						"0.1667": [0, 0, -3.80782],
						"0.25": [0, 0, -5],
						"0.3333": [4.15939, -2.13221, -6.97215],
						"0.4167": [13.28511, -6.81029, -11.29905],
						"0.5": [17.4445, -8.9425, -13.2712],
						"1.5": [17.4445, -8.9425, -13.2712],
						"1.5833": [16.15223, -11.984, -18.3996],
						"1.6667": [14.19265, -16.59607, -26.17621],
						"1.75": [12.05324, -21.63141, -34.66652],
						"2.0": [5.39126, -37.31109, -61.10468],
						"2.0833": [3.25185, -42.34643, -69.59499],
						"2.1667": [1.29227, -46.9585, -77.3716],
						"2.25": [0, -50, -82.5]
					},
					"position": {
						"0.0": [0, 0, 0],
						"0.25": [0, 0, 0],
						"1.3333": [0, 0, 0],
						"1.5": [0, 0, 0],
						"1.5833": [0, 0.03704, -0.07408],
						"1.6667": [0, 0.09321, -0.18641],
						"2.0833": [0, 0.40679, -0.81359],
						"2.1667": [0, 0.46296, -0.92592],
						"2.25": [0, 0.5, -1]
					},
					"scale": {
						"0.0": [1, 1, 1],
						"0.25": [1, 1, 1]
					}
				},
				"right_leg_root": {
					"rotation": [0, 0, 0],
					"position": [0, 0, 0]
				},
				"right_leg": {
					"rotation": {
						"0.0": [0, 0, 0],
						"0.0833": [0, 0, 1.19218],
						"0.1667": [0, 0, 3.80782],
						"0.25": [0, 0, 5],
						"0.3333": [4.1876, 1.13686, 7.14759],
						"0.4167": [13.3752, 3.63114, 11.85941],
						"0.5": [17.5628, 4.768, 14.007],
						"1.5": [17.5628, 4.768, 14.007],
						"1.5833": [19.96572, 4.41479, 12.96938],
						"1.6667": [23.60945, 3.87919, 11.39594],
						"1.75": [27.58759, 3.29444, 9.67811],
						"2.0": [39.97521, 1.47356, 4.32889],
						"2.0833": [43.95335, 0.88881, 2.61106],
						"2.1667": [47.59708, 0.35321, 1.03762],
						"2.25": [50, 0, 0]
					},
					"position": {
						"0.0": [0, 0, 0],
						"0.25": [0, 0, 0],
						"0.5": [0, 0, 0],
						"1.5": [0, 0, 0],
						"1.5833": [-0.11112, 0.07408, -0.33336],
						"1.6667": [-0.27962, 0.18641, -0.83885],
						"1.75": [-0.46358, 0.30905, -1.39074],
						"2.0": [-1.03642, 0.69095, -3.10926],
						"2.0833": [-1.22038, 0.81359, -3.66115],
						"2.1667": [-1.38888, 0.92592, -4.16664],
						"2.25": [-1.5, 1, -4.5]
					},
					"scale": {
						"0.0": [1, 1, 1],
						"0.25": [1, 1, 1]
					}
				},
				"head_root": {
					"rotation": [0, 0, 0],
					"position": [0, 0, 0]
				},
				"head": {
					"rotation": {
						"0.0": [0, 0, 0],
						"0.0833": [2.38436, 0, 0],
						"0.1667": [7.61564, 0, 0],
						"0.25": [10, 0, 0],
						"0.3333": [0.46257, 0, 0],
						"0.4167": [-20.46257, 0, 0],
						"0.5": [-30, 0, 0],
						"1.5": [-30, 0, 0],
						"1.5833": [-26.32902, 0, 0],
						"1.6667": [-19.10612, 0, 0],
						"1.75": [-12.14934, 0, 0],
						"1.8333": [-9.36, 0, 0],
						"1.9167": [-13.99692, 0, 0],
						"2.0": [-21.3289, 0, 0],
						"2.0833": [-29.14324, 0, 0],
						"2.1667": [-36.16822, 0, 0],
						"2.25": [-40, 0, 0]
					},
					"position": {
						"0.0": [0, 0, 0],
						"0.25": [0, 0, 0],
						"0.5": [0, 0, 0],
						"1.5": [0, 0, 0]
					},
					"scale": {
						"0.0": [1, 1, 1],
						"0.25": [1, 1, 1],
						"0.5": [1, 1, 1],
						"1.5": [1, 1, 1]
					}
				},
				"right_arm_root": {
					"rotation": [0, 0, 0],
					"position": [0, 0, 0]
				},
				"right_arm": {
					"rotation": {
						"0.0": [0, 0, 0],
						"0.25": [-15.9568, -14.5644, -5.725],
						"0.5": [15.6691, 22.2338, 47.0915],
						"1.5": [15.6691, 22.2338, 47.0915],
						"1.8333": [-22.3231, -5.7463, 132.0762],
						"2.25": [-57.1014, 8.4214, 365.4129]
					},
					"position": {
						"0.0": [0, 0, 0],
						"0.25": [0, 0, 0],
						"0.5": [0, 0, 0],
						"1.5": [0, 0, 0],
						"2.25": [-1, 0, -2]
					},
					"scale": {
						"0.0": [1, 1, 1],
						"0.25": [1, 1, 1],
						"0.5": [1, 1, 1],
						"1.5": [1, 1, 1]
					}
				},
				"left_arm_root": {
					"rotation": [0, 0, 0],
					"position": [0, 0, 0]
				},
				"left_arm": {
					"rotation": {
						"0.0": [0, 0, 0],
						"0.0833": [-2.84657, 0.88979, 1.09907],
						"0.1667": [-9.09193, 2.84201, 3.51043],
						"0.25": [-11.9385, 3.7318, 4.6095],
						"0.3333": [-6.3886, -0.72061, -7.85712],
						"0.4167": [5.7879, -10.48919, -35.20888],
						"0.5": [11.3378, -14.9416, -47.6755],
						"1.5": [11.3378, -14.9416, -47.6755],
						"1.5833": [-7.23095, -15.28007, -38.07067],
						"1.6667": [-35.38825, -15.79331, -23.50609],
						"1.75": [-66.1297, -16.35366, -7.60484],
						"1.8333": [-97.93713, -16.93344, 8.8478],
						"1.9167": [-130.04877, -17.51876, 25.4578],
						"2.0": [-161.8562, -18.09854, 41.91044],
						"2.0833": [-192.59765, -18.65889, 57.81169],
						"2.1667": [-220.75495, -19.17213, 72.37627],
						"2.25": [-239.3237, -19.5106, 81.9811]
					},
					"position": {
						"0.0": [0, 0, 0],
						"0.25": [0, 0, 0],
						"0.5": [0, 0, 0],
						"1.5": [0, 0, 0],
						"1.5833": [0.14816, 0.07408, -0.1852],
						"1.6667": [0.37282, 0.18641, -0.46603],
						"1.75": [0.6181, 0.30905, -0.77263],
						"2.0": [1.3819, 0.69095, -1.72737],
						"2.0833": [1.62718, 0.81359, -2.03397],
						"2.1667": [1.85184, 0.92592, -2.3148],
						"2.25": [2, 1, -2.5]
					},
					"scale": {
						"0.0": [1, 1, 1],
						"0.25": [1, 1, 1],
						"0.5": [1, 1, 1],
						"1.5": [1, 1, 1]
					}
				}
			}
		},
		"kiva.basshaafuestle.pose": {
			"loop": "hold_on_last_frame",
			"animation_length": 0.4583,
			"bones": {
				"body": {
					"rotation": [0, -65, 0],
					"position": [0, -1, 0]
				},
				"left_leg": {
					"rotation": [23.2117, -21.6115, -10.9047]
				},
				"right_leg": {
					"rotation": [-22.2813, 6.4263, -1.9903]
				},
				"head": {
					"rotation": [0, 57.5, 0]
				},
				"right_arm": {
					"rotation": [-166.7406, -9.8622, -26.2748],
					"position": [-0.4033, -2, 1.80034]
				},
				"left_arm": {
					"rotation": [-58.7552, 4.0875, -82.531],
					"position": [1.27213, -2, -2.71692]
				},
				"torso": {
					"rotation": [-4.9944, 0, -4.9775],
					"position": [-1.10328, 0, 0.58761]
				},
				"right_item": {
					"rotation": [0, -90, 0],
					"position": [0, -1, 2]
				}
			}
		},
		"kiva.doggafuestle.pose": {
			"loop": "hold_on_last_frame",
			"bones": {
				"body": {
					"rotation": [0, 25, 0]
				},
				"left_leg": {
					"rotation": [2.3567, -17.3455, -7.8596]
				},
				"right_leg": {
					"rotation": [-10, 15, 0]
				},