{
	"format_version": "1.8.0",
	"animations": {
		"knight.pose": {
			"loop": true,
			"animation_length": 3,
			"bones": {
				"body": {
					"rotation": {
						"0.0": [37.3591, -56.3768, -37.0651],
						"0.25": [32.3591, -56.3768, -37.0651]
					},
					"position": [0, -6, 0]
				},
				"left_leg": {
					"rotation": [0, 0, -17.5],
					"position": [-0.50506, 2.65799, -3.83145]
				},
				"right_leg": {
					"rotation": [-20, 40, 57.5],
					"position": [-1.66539, 0.67201, -0.88026]
				},
				"head": {
					"rotation": {
						"0.0": [-5.3373, 62.5862, 12.8898],
						"0.25": [6.9494, 62.3874, 18.2861]
					}
				},
				"right_arm": {
					"rotation": {
						"0.0": [-43.7045, 74.1997, 28.5493],
						"0.25": [-91.2657, 47.2375, -26.3372]
					}
				},
				"left_arm": {
					"rotation": [-22.6942, 20.9699, 52.4127],
					"position": [0.8837, -0.15175, -1.78775]
				}
			}
		},
		"ouja.pose": {
			"loop": true,
			"animation_length": 3,
			"bones": {
				"body": {
					"rotation": [-17.5, 15, 0],
					"position": [0, -3, 0]
				},
				"torso": {
					"rotation": [10.0995, 1.9971, 3.1139]
				},
				"left_leg": {
					"rotation": [57.2645, -20.0855, -20.2468],
					"position": [-0.25882, 0.29046, 0.92122]
				},
				"right_leg": {
					"rotation": [-12.6044, 7.3212, -11.6322],
					"position": [-0.25882, 0.29046, 0.92122]
				},
				"head": {
					"rotation": [22.5958, -12.0389, -3.493]
				},
				"right_arm": {
					"rotation": [-35.1185, 60.3406, 25.2338]
				},
				"left_arm": {
					"rotation": [-36.1033, -26.128, -19.5685]
				}
			}
		}
	}
}