{
	"format_version": "1.8.0",
	"animations": {
		"kuuga.pose": {
			"loop": "hold_on_last_frame",
			"bones": {
				"body": {
					"rotation": [0, -52.5, 0],
					"position": [0, -1, 0]
				},
				"left_leg": {
					"rotation": [-11.0293, -9.5441, -9.899],
					"position": [0, 0, -2]
				},
				"right_leg": {
					"rotation": [4.114, 22.1399, 10.8052],
					"position": [-1, 0, 0]
				},
				"right_arm": {
					"rotation": [-112.7801, 53.0987, -29.2346],
					"position": [0, 0, 2]
				},
				"left_arm": {
					"rotation": [-42.5, 0, -15],
					"position": [0, 0, 2]
				},
				"head": {
					"rotation": [2.7253, 47.4405, 3.6977]
				},
				"torso": {
					"rotation": [-2.5, -5, 0]
				}
			}
		},
		"kuuga.kuuga_rising_mighty.pose": {
			"loop": "hold_on_last_frame",
			"bones": {
				"body": {
					"rotation": [0, -42.5, 0],
					"position": [0, -4, 0]
				},
				"left_leg": {
					"rotation": [16.1652, -14.4816, -21.1468],
					"position": [0, 2, -3]
				},
				"right_leg": {
					"rotation": [-1.0031, 49.6951, 31.2188],
					"position": [-1, 0, -1]
				},
				"right_arm": {
					"rotation": [-105.0425, -26.3905, -3.8595],
					"position": [0, 0, -1]
				},
				"left_arm": {
					"rotation": [-149.4572, 64.9263, -89.9819],
					"position": [0, -2, -2]
				},
				"head": {
					"rotation": [-0.4717, 37.4866, 0.2474]
				},
				"torso": {
					"rotation": [-2.5, -5, 0]
				}
			}
		},
		"kuuga.kuuga_amazing_mighty.pose": {
			"loop": true,
			"bones": {
				"body": {
					"rotation": [19.1752, -6.3769, -9.4754],
					"position": [0, -2.5, 0]
				},
				"torso": {
					"rotation": [1.8467, 30.2494, 4.3957]
				},
				"left_leg": {
					"rotation": [-20.49, 7.2057, -17.7519],
					"position": [-0.53467, 1.70946, -4.62336]
				},
				"right_leg": {
					"rotation": [9.814, 49.5002, 18.3857],
					"position": [-3.30964, 1.66815, -0.9551]
				},
				"head": {
					"rotation": [-16.2187, 6.2928, 8.4383],
					"position": [-0.29654, 0.20661, -0.3455]
				},
				"right_arm": {
					"rotation": [50.9734, 75.7792, 115.8143],
					"position": [-1.00851, -0.00598, 1.95068]
				},
				"left_arm": {
					"rotation": [-66.4847, -48.0299, 0.8037],
					"position": [0.23308, -0.99904, -3.32684]
				}
			}
		},
		"kuuga.kuuga_dragon.pose": {
			"loop": true,
			"animation_length": 3,
			"bones": {
				"body": {
					"rotation": [17.2626, 31.9684, -11.6294],
					"position": [1, -5, 0]
				},
				"left_leg": {
					"rotation": [-30.035, -3.7504, -36.6869]
				},
				"right_leg": {
					"rotation": [-2.6139, 37.2402, -1.3094],
					"position": [-1.69481, 4.5463, -4.63236]
				},
				"head": {
					"rotation": [-22.9492, -27.0294, 22.5163]
				},
				"right_arm": {
					"rotation": [-84.6527, 40.0531, 15.1229],
					"position": [-1.0589, -0.50349, 1.62025]
				},
				"right_item": {
					"rotation": [57.5, 0, 0],
					"position": {
						"0.0": [1.78334, -1.3186, 2.25945],
						"0.1667": [2.58599, 0.4654, 2.66337]
					}
				},
				"left_arm": {
					"rotation": [-70, -47.1183, 0]
				}
			}
		},
		"kuuga.kuuga_rising_dragon.pose": {
			"loop": true,
			"animation_length": 3,
			"bones": {
				"body": {
					"rotation": [6.4504, 44.4605, 13.417],
					"position": [0, -7, 0]
				},
				"left_leg": {
					"rotation": [-28.9938, -42.2103, -39.7733],
					"position": [0.87353, 0.15403, 0.46175]
				},
				"right_leg": {
					"rotation": [38.2989, 26.2735, 11.2632],
					"position": [-1.79703, 1.93943, -4.30422]
				},
				"head": {
					"rotation": [4.8638, -44.6956, -10.0858]
				},
				"right_arm": {
					"rotation": [-82.3412, -18.4103, 22.6818],
					"position": [-0.07367, -0.24473, -1.9836]
				},
				"right_item": {
					"rotation": [57.5, 0, 0],
					"position": {
						"0.0": [1.78334, -1.3186, 2.25945],
						"0.1667": [2.58599, 0.4654, 2.66337]
					}
				},
				"left_arm": {
					"rotation": [-69.7792, -28.1569, 10.8502],
					"position": [-0.8659, -1.68179, 0.29348]
				},
				"torso": {
					"rotation": [2.5, 7.5, 0]
				},
				"rightItem": {
					"rotation": [85, 0, 90],
					"position": [5.26858, 0, 2.46464]
				}
			}
		},
		"kuuga.kuuga_pegasus.pose": {
			"loop": true,
			"animation_length": 3,
			"bones": {
				"body": {
					"rotation": [1.5741, -17.4313, -5.2414],
					"position": [0.08312, -0.99619, 0.02621]
				},
				"torso": {
					"rotation": [-2.5, -10, -2.5],
					"position": [-0.57764, -0.04705, 0.40511]
				},
				"left_leg": {
					"rotation": [0, -27.5, 0],
					"position": [0.6835, 0, -0.77157]
				},
				"right_leg": {
					"rotation": [3.904, 17.0722, 13.0863]
				},
				"head": {
					"rotation": [1.1069, 12.4517, 5.1207]
				},
				"right_arm": {
					"rotation": [-0.4317, -2.004, 9.1874],
					"position": [-0.20985, 0.08097, -0.19306]
				},
				"left_arm": {
					"rotation": [-117.5, -50, 0],
					"position": [-1.00526, -1.81051, 0.84351]
				},
				"leftItem": {
					"rotation": [-13.7793, 5.5104, 1.6544]
				}
			}
		},
		"kuuga.kuuga_rising_pegasus.pose": {
			"loop": true,
			"animation_length": 3,
			"bones": {
				"body": {
					"rotation": [3.2567, 62.5247, -1.8796],
					"position": [0.74809, -8.96575, 0.23589]
				},
				"torso": {
					"rotation": [-2.5, -10, -2.5],
					"position": [-0.57764, -0.04705, 0.40511]
				},
				"left_leg": {
					"rotation": [-21.4432, -29.2052, -38.5155],
					"position": [0.7289, 2.98858, -0.51408]
				},
				"right_leg": {
					"rotation": [80.9852, -5.2852, -7.7606],
					"position": [-0.5463, -0.52817, -5.42426]
				},
				"head": {
					"rotation": [1.886, -55.0312, 3.3362]
				},
				"right_arm": {
					"rotation": [-187.6199, -21.3007, 87.5463],
					"position": [1.03816, -1.58342, -4.3969]
				},
				"left_arm": {
					"rotation": [-107.418, -54.1228, 3.2635],
					"position": [-1.00526, -1.81051, 0.84351]
				},
				"leftItem": {
					"rotation": [7.4131, -1.1381, 0.0161]
				}
			}
		},
		"kuuga.kuuga_titan.pose": {
			"loop": true,
			"animation_length": 3,
			"bones": {
				"body": {
					"rotation": [7.5, 0, 0],
					"position": [0, -1.5, 0]
				},
				"torso": {
					"rotation": [5, 0, 0],
					"position": [0, -0.17365, -0.98481]
				},
				"left_leg": {
					"rotation": [-27.4161, -1.2988, 0.1127]
				},
				"right_leg": {
					"rotation": [24.8119, -3.1622, -0.6958],
					"position": [0, -0.28049, 0.21523]
				},
				"head": {
					"rotation": [-7.5, 0, 0]
				},
				"right_arm": {
					"rotation": [3.9096, 23.6317, 16.2657]
				},
				"left_arm": {
					"rotation": [3.9096, -23.6317, -16.2657]
				}
			}
		},
		"kuuga.kuuga_rising_titan.pose": {
			"loop": true,
			"animation_length": 3,
			"bones": {
				"body": {
					"rotation": [15, 35, 0],
					"position": [0, -7, 0]
				},
				"left_leg": {
					"rotation": [-44.8656, -19.0611, -47.0545],
					"position": [1.14715, 0.42402, -1.58248]
				},
				"right_leg": {
					"rotation": [54.4194, 23.4155, 34.7813],
					"position": [-0.60262, 0.52734, -5.05918]
				},
				"head": {
					"rotation": [-0.1712, -27.8093, 3.2401]
				},
				"right_arm": {
					"rotation": [-98.2834, -15.4696, 28.627]
				},
				"left_arm": {
					"rotation": [-65, 0, 0],
					"position": [0, -0.96738, 2.65785]
				},
				"rightItem": {
					"rotation": [90, 0, -90],
					"position": [3.32651, -0.42322, 2.95893]
				}
			}
		},
		"kuuga.kuuga_ultimate.pose": {
			"loop": true,
			"animation_length": 3,
			"bones": {
				"body": {
					"rotation": [10, 27.5, 0],
					"position": [-0.37455, -1.15846, -0.71951]
				},
				"torso": {
					"rotation": [-0.8703, -4.9238, 10.0374],
					"position": [1.21686, -0.34388, 0.1102]
				},
				"left_leg": {
					"rotation": [-40.7281, -42.6134, 13.3853],
					"position": [-0.71595, 0.17037, -0.67705]
				},
				"right_leg": {
					"rotation": [12.1916, -6.069, 16.1824],
					"position": [-0.955, 0.27713, -0.10573]
				},
				"head": {
					"rotation": [-7.6653, -29.8558, 6.2482]
				},
				"right_arm": {
					"rotation": [-108.9641, -31.181, 19.7024],
					"position": [1.29492, 0.17445, -4.95482]
				},