{
	"format_version": "1.8.0",
	"animations": {
		"lady.pose": {
			"loop": true,
			"animation_length": 3,
			"bones": {
				"body": {
					"rotation": [-10.941, 62.3149, -4.1697],
					"position": [-0.19247, -1.98289, -0.17636]
				},
				"torso": {
					"rotation": [4.9953, 0.2178, -2.4905]
				},
				"left_leg": {
					"rotation": [-81.0641, -73.3813, 92.4107]
				},
				"right_leg": {
					"rotation": [40.5599, 23.571, 14.5894]
				},
				"head": {
					"rotation": [32.2353, -55.684, -27.512]
				},
				"right_arm": {
					"rotation": [-9.0545, -13.0101, -13.0104],
					"position": [-0.95174, 0.07389, 0.47521]
				},
				"left_arm": {
					"rotation": [-9.0545, 13.0101, 13.0104],
					"position": [0.95174, 0.07389, 0.47521]
				}
			}
		}
	}
}