{
	"format_version": "1.8.0",
	"animations": {
		"lance.pose": {
			"loop": true,
			"bones": {
				"body": {
					"rotation": [-12.5, 55, 0]
				},
				"torso": {
					"rotation": [4.9842, -2.0554, -5.1982]
				},
				"left_leg": {
					"rotation": [20.5915, -14.3426, -4.3948],
					"position": [0.81116, 0.29983, 1.11898]
				},
				"right_leg": {
					"rotation": [12.5, 0, 7.5]
				},
				"head": {
					"rotation": [21.1321, -53.1048, -17.1769]
				},
				"right_arm": {
					"rotation": [52.349, 78.7596, 182.7406]
				},
				"right_item": {
					"rotation": [-50.975, 9.5767, -11.5994],
					"position": [-1, 6.8944, -5.78509]
				},
				"left_arm": {
					"rotation": [52.349, -78.7596, -182.7406]
				},
				"left_item": {
					"rotation": [-50, 0, 0]
				}
			}
		}
	}
}