{
	"format_version": "1.8.0",
	"animations": {
		"larc.pose": {
			"loop": true,
			"bones": {
				"body": {
					"rotation": [19.3078, 41.3795, -10.664],
					"position": [0, -6, 0]
				},
				"left_leg": {
					"rotation": [-26.0484, -19.0376, 6.246],
					"position": [0, 5.52276, -1.22437]
				},
				"right_leg": {
					"rotation": [46.5093, -11.0006, 10.2609],
					"position": [-1, -0.18947, -3.1566]
				},
				"head": {
					"rotation": [-24.7535, -32.1883, 23.8723]
				},
				"right_arm": {
					"rotation": [-127.7689, -48.7923, 63.0699],
					"position": [-0.55672, -1.42007, -0.18392]
				},
				"left_arm": {
					"rotation": [-61.4383, -36.3152, 15.8625],
					"position": [-0.13885, -0.88701, -0.44038]
				}
			}
		}
	}
}