{
	"format_version": "1.8.0",
	"animations": {
		"lazer_lvx_.pose": {
			"loop": true,
			"bones": {
				"body": {
					"rotation": [57.0906, -19.0922, -26.8129],
					"position": [0, -6, 4]
				},
				"torso": {
					"rotation": [-4.9811, -0.4352, -4.9811]
				},
				"left_leg": {
					"rotation": [9.7196, -3.4049, 9.4081],
					"position": [2.15525, 3.358, -5.92273]
				},
				"right_leg": {
					"rotation": [-33.6735, 47.3588, 11.3262],
					"position": [-1.76418, 7.56434, -2.7692]
				},
				"head": {
					"rotation": [-40, 27.5, 0]
				},
				"right_arm": {
					"rotation": [-113.8343, 3.2117, 39.8926],
					"position": [-0.00914, -1.21753, -1.87551]
				},
				"left_arm": {
					"rotation": [-162.1024, -32.5971, 26.8005]
				}
			}
		}
	}
}