{
	"format_version": "1.8.0",
	"animations": {
		"leangle.pose": {
			"loop": true,
			"bones": {
				"body": {
					"rotation": [-9.6539, -51.8658, 12.203],
					"position": [-0.23838, -2.97433, -0.31066]
				},
				"torso": {
					"rotation": [0, -10, 5]
				},
				"left_leg": {
					"rotation": [15.5041, 14.4776, -51.0329],
					"position": [1.33763, -0.83253, -1.58671]
				},
				"right_leg": {
					"rotation": [33.08, 31.3942, 38.4203],
					"position": [-2.04347, -0.46915, -2.14573]
				},
				"head": {
					"rotation": [8.3941, 40.1269, -2.2601],
					"position": [-0.13302, 0.98481, -0.11162]
				},
				"right_arm": {
					"rotation": [-37.9115, 4.9577, 59.2489],
					"position": [-0.60355, -0.07946, 0.79335]
				},
				"left_arm": {
					"rotation": [-17.7532, -9.5327, -111.9649],
					"position": [1.72872, 0.80612, -0.60141]
				}
			}
		}
	}
}