{
	"format_version": "1.8.0",
	"animations": {
		"lord_five.pose": {
			"loop": true,
			"animation_length": 3,
			"bones": {
				"body": {
					"rotation": [28.1141, 35.6281, -3.0733],
					"position": [0, -5.5, 0]
				},
				"torso": {
					"rotation": [-0.0481, -42.1229, 5.7931],
					"position": [-0.34093, -0.12743, 0.93141]
				},
				"left_leg": {
					"rotation": [-39.734, -48.9906, 10.9097],
					"position": [2.93821, 3.76565, -0.79178]
				},
				"right_leg": {
					"rotation": [-3.8872, -27.2451, 48.4424],
					"position": [-0.68343, 3.19544, -3.17326]
				},
				"head": {
					"rotation": [-17.6939, -28.5916, 18.0018]
				},
				"right_arm": {
					"rotation": [-47.4056, -39.3469, 19.5299],
					"position": [2.42967, 1.39878, -3.93574]
				},
				"right_item": {
					"rotation": [0, 90, 10],
					"position": [-1.7616, 0.78127, 1.68565]
				},
				"left_arm": {
					"rotation": [18.4801, -87.8345, -77.7316],
					"position": [-2.44014, -1.10736, 4.13423]
				}
			}
		}
	}
}