{
	"format_version": "1.8.0",
	"animations": {
		"n_daguva_zeba_ultimate.pose": {
			"loop": true,
			"animation_length": 3,
			"bones": {
				"body": {
					"rotation": [10, 27.5, 0],
					"position": [-0.37455, -1.15846, -0.71951]
				},
				"torso": {
					"rotation": [-0.8703, -4.9238, 10.0374],
					"position": [1.21686, -0.34388, 0.1102]
				},
				"left_leg": {
					"rotation": [-40.7281, -42.6134, 13.3853],
					"position": [-0.71595, 0.17037, -0.67705]
				},
				"right_leg": {
					"rotation": [12.1916, -6.069, 16.1824],
					"position": [-0.955, 0.27713, -0.10573]
				},
				"head": {
					"rotation": [-7.6653, -29.8558, 6.2482]
				},
				"right_arm": {
					"rotation": [-108.9641, -31.181, 19.7024],
					"position": [1.29492, 0.17445, -4.95482]
				},
				"left_arm": {
					"rotation": [24.6856, -9.7607, -12.6866],
					"position": [-0.2695, -0.64712, 2.35455]
				}
			}
		}
	}
}