{
	"format_version": "1.8.0",
	"animations": {
		"poseidon.pose": {
			"loop": true,
			"bones": {
				"body": {
					"rotation": [40.0782, -53.7419, -21.9897],
					"position": [-1.14716, -4.30453, 0.3938]
				},
				"left_leg": {
					"rotation": [15, 0, -22.5],
					"position": [0.65849, -1.58975, -2.45746]
				},
				"right_leg": {
					"rotation": [-22.8222, 64.1537, 39.3534]
				},
				"head": {
					"rotation": [-27.8735, 54.3123, -14.3332]
				},
				"right_arm": {
					"rotation": [-53.0874, 0.7833, 37.6126]
				},
				"right_item": {
					"rotation": [53.6984, 40.9894, 46.1063],
					"position": [-0.01574, 0.74573, 2.93328]
				},
				"left_arm": {
					"rotation": [-37.1245, 13.8853, 54.6471]
				}
			}
		}
	}
}