{
	"format_version": "1.8.0",
	"animations": {
		"ride_player.pose": {
			"loop": true,
			"bones": {
				"body": {
					"rotation": [0, 35, 0],
					"position": [0, -7, 0]
				},
				"torso": {
					"rotation": [15, 15, 0],
					"position": [-0.375, -0.38823, -1.39952]
				},
				"left_leg": {
					"rotation": [25, -20, -15],
					"position": [0, 5, -4]
				},
				"right_leg": {
					"rotation": [75.7321, 4.2454, 19.5621],
					"position": [-1.26647, -1.91502, -4.3703]
				},
				"head": {
					"rotation": [7.5, -35, 0],
					"position": [-0.12524, -0.06526, -0.69286]
				},
				"right_arm": {
					"rotation": [9.7046, 12.3071, 10.2377]
				},
				"left_arm": {
					"rotation": [7.6734, -26.4883, -16.8087]
				}
			}
		}
	}
}