{
	"format_version": "1.8.0",
	"animations": {
		"sasword.pose": {
			"loop": true,
			"animation_length": 3,
			"bones": {
				"body": {
					"rotation": [6.8817, -24.0929, -16.4703],
					"position": [1.17285, -4.82963, 0.54691]
				},
				"torso": {
					"rotation": [10.0374, 4.9239, 0.8704]
				},
				"left_leg": {
					"rotation": [45.1044, -20.8812, -14.0659],
					"position": [1.26784, 1.06931, -3.90502]
				},
				"right_leg": {
					"rotation": [-25.9757, 17.0409, 41.7667],
					"position": [-1.42623, 1.27371, 0.58611]
				},
				"head": {
					"rotation": [5.3816, 19.2909, 15.9152]
				},
				"right_arm": {
					"rotation": [-105.3035, 1.0128, -39.3667],
					"position": [-0.36118, 0.38647, -1.92878]
				},
				"left_arm": {
					"rotation": [-88.0173, 20.3492, -7.0047],
					"position": [0.68404, -0.65846, 2.02448]
				}
			}
		}
	}
}