{
	"format_version": "1.8.0",
	"animations": {
		"shadowmoon.pose": {
			"loop": "hold_on_last_frame",
			"bones": {
				"body": {
					"rotation": [15, 20, 0]
				},
				"torso": {
					"rotation": [-5, 0, 0]
				},
				"left_leg": {
					"rotation": [-22.5, -7.5, -10],
					"position": [1.29061, 0.34217, -3.27494]
				},
				"right_leg": {
					"rotation": [-9.8627, 30.9614, 4.1058],
					"position": [-0.13128, 0.35288, -2.20414]
				},
				"head": {
					"rotation": [-13.0862, -17.0723, 3.9041]
				},
				"right_arm": {
					"rotation": [-123.7758, -70.7799, 35.4036]
				},
				"left_arm": {
					"rotation": [14.1981, 20.8079, -104.8847],
					"position": [2.20649, -0.24043, 0.27125]
				}
			}
		}
	}
}