{
	"format_version": "1.8.0",
	"animations": {
		"shadow_trooper.pose": {
			"loop": true,
			"animation_length": 3,
			"bones": {
				"body": {
					"rotation": [23.4759, 16.1298, 6.8799],
					"position": [0, -9, 0]
				},
				"torso": {
					"rotation": [7.174, 10.2354, -1.1996]
				},
				"left_leg": {
					"rotation": [-24.069, -45.3151, -20.6751],
					"position": [-0.74434, 7.02333, -0.66065]
				},
				"right_leg": {
					"rotation": [60, 0, 0],
					"position": [0, -0.16315, -4.99734]
				},
				"head": {
					"rotation": [-23.1041, -19.6097, 2.0291]
				},
				"right_arm": {
					"rotation": [-107.7637, -20.4741, 7.9783],
					"position": [0.36914, -1.98445, -2.14236]
				},
				"left_arm": {
					"rotation": [-75, 45, 0]
				}
			}
		}
	}
}