{
	"format_version": "1.8.0",
	"animations": {
		"shion.pose": {
			"loop": true,
			"bones": {
				"body": {
					"rotation": [10, 35, 0],
					"position": [0, -1, 0]
				},
				"torso": {
					"rotation": [-7.5, 0, 0],
					"position": [-0.328, -0.38409, 2.17828]
				},
				"left_leg": {
					"rotation": [-13.0286, -30.8383, 0.1484]
				},
				"right_leg": {
					"rotation": [0, 32.5, 0],
					"position": [-0.81915, 0.0996, -0.56486]
				},
				"head": {
					"rotation": [-9.1194, -30.3914, 0.0692],
					"position": [-1.14715, -0.28449, 1.61341]
				},
				"right_arm": {
					"rotation": [-15, 17.5, 0],
					"position": [0.24558, -0.24184, 1.37157]
				},
				"left_arm": {
					"rotation": [0, 10, -87.5],
					"position": [0.49115, -0.48369, 2.74314]
				}
			}
		}
	}
}