{
	"format_version": "1.8.0",
	"animations": {
		"w.pose": {
			"bones": {
				"body": {
					"rotation": [-5, 50, 0]
				},
				"torso": {
					"rotation": [2.5, 0, 0],
					"position": [0, 0.31092, -0.80124]
				},
				"left_leg": {
					"rotation": [5.9298, -49.7409, -7.7508],
					"position": [0.64263, -0.0109, -1.23413]
				},
				"right_leg": {
					"rotation": [5, 35, 0],
					"position": [-0.19689, -0.02179, -0.84828]
				},
				"head": {
					"rotation": [7.9959, -50.1521, -3.9183],
					"position": [0.31477, 0.5, -1.56953]
				},
				"right_arm": {
					"rotation": [-14.5979, -5.492, 14.1068],
					"position": [-0.18995, -0.25784, 0.94733]
				},
				"left_arm": {
					"rotation": [-42.1662, -7.8636, -76.7368]
				}
			}
		}
	}
}