{
	"format_version": "1.8.0",
	"animations": {
		"wizard.pose": {
			"loop": true,
			"bones": {
				"body": {
					"position": [0, -1, 0]
				},
				"torso": {
					"rotation": [-5.519, -2.2625, -0.0822],
					"position": [-0.64279, 0, 0.76604]
				},
				"left_leg": {
					"rotation": [17.2889, -52.4562, -22.8475],
					"position": [-0.5, 0, -0.25]
				},
				"right_leg": {
					"rotation": [-3.2466, -2.7216, 9.2835],
					"position": [-1, 0, -1]
				},
				"head": {
					"rotation": [0, 0, 0],
					"position": [-0.5, 0, 0]
				},
				"right_arm": {
					"rotation": [3.8224, 8.2527, 13.411],
					"position": [-0.98558, -0.25, 0.46209]
				},
				"left_arm": {
					"rotation": [-1.0785, -7.5384, -94.2577],
					"position": [0.98558, -0.25, 0.46209]
				}
			}
		}
	}
}