{
	"format_version": "1.8.0",
	"animations": {
		"zeronos.pose": {
			"loop": true,
			"animation_length": 3,
			"bones": {
				"body": {
					"rotation": [-7.5, -70, 0],
					"position": [-0.28184, -1.55243, 0.10258]
				},
				"left_leg": {
					"rotation": [2.0031, -14.8687, -7.7615]
				},
				"right_leg": {
					"rotation": [26.6156, 49.359, 31.5013]
				},
				"head": {
					"rotation": [0, 55, 0]
				},
				"right_arm": {
					"rotation": [-93.2134, 59.9878, -0.8677]
				},
				"left_arm": {
					"rotation": [-126.2857, -14.2601, 10.251],
					"position": [0, -2.78546, 0.49115]
				}
			}
		}
	}
}